AirType,Shape,Size,Count,Geometry_Length_m,QTO_Length_m,Length_Difference_m
EA,RECTANGULAR,1069.505x400,1,0.300,0.300,0.000000
EA,RECTANGULAR,1128.581x350,1,0.250,0.250,0.000000
EA,RECTANGULAR,1209.5x400,1,0.300,0.300,0.000000
EA,RECTANGULAR,1265x500,1,0.200,0.200,0.000000
EA,RECTANGULAR,1270.921x350,1,0.250,0.250,0.000000
EA,RECTANGULAR,1280.24x350,1,0.250,0.250,0.000000
EA,RECTANGULAR,12880x350,1,0.250,0.250,0.000000
EA,RECTANGULAR,1292.987x350,1,0.250,0.250,0.000000
EA,RECTANGULAR,1297x350,1,0.250,0.250,0.000000
EA,RECTANGULAR,1393.711x350,1,0.250,0.250,0.000000
EA,RECTANGULAR,1610.28x350,1,0.250,0.250,0.000000
EA,RECTANGULAR,1674.817x350,1,0.250,0.250,0.000000
EA,RECTANGULAR,1689x400,2,0.600,0.600,0.000000
EA,RECTANGULAR,1709x400,1,0.300,0.300,0.000000
EA,RECTANGULAR,1739.893x350,1,0.250,0.250,0.000000
EA,RECTANGULAR,1773.013x500,1,0.200,0.200,0.000000
EA,RECTANGULAR,1933.807x400,1,0.250,0.250,0.000000
EA,RECTANGULAR,2120.817x400,1,0.250,0.250,0.000000
EA,RECTANGULAR,2445x500,1,0.200,0.200,0.000000
EA,RECTANGULAR,2544.254x350,1,0.250,0.250,0.000000
EA,RECTANGULAR,2786.454x350,1,0.250,0.250,0.000000
EA,RECTANGULAR,287.868x250,2,0.700,0.700,0.000000
EA,RECTANGULAR,2965.15x350,1,0.250,0.250,0.000000
EA,RECTANGULAR,300x177.108,1,0.400,0.400,0.000000
EA,RECTANGULAR,300x246.447,3,1.200,1.200,0.000000
EA,RECTANGULAR,3149.623x350,1,0.250,0.250,0.000000
EA,RECTANGULAR,323.223x250,10,3.500,3.500,0.000000
EA,RECTANGULAR,350x105.446,1,0.250,0.250,0.000000
EA,RECTANGULAR,350x140,1,0.250,0.250,0.000000
EA,RECTANGULAR,350x203.492,1,0.250,0.250,0.000000
EA,RECTANGULAR,350x250,14,6.576,6.576,0.000000
EA,RECTANGULAR,350x290.657,1,0.250,0.250,0.000000
EA,RECTANGULAR,350x296.447,1,0.250,0.250,0.000000
EA,RECTANGULAR,350x65.437,1,0.250,0.250,0.000000
EA,RECTANGULAR,356.543x350,1,0.250,0.250,0.000000
EA,RECTANGULAR,366.543x350,1,0.250,0.250,0.000000
EA,RECTANGULAR,367.192x350,1,0.250,0.250,0.000000
EA,RECTANGULAR,3762.844x350,1,0.250,0.250,0.000000
EA,RECTANGULAR,3799.794x350,1,0.250,0.250,0.000000
EA,RECTANGULAR,399.351x350,1,0.250,0.250,0.000000
EA,RECTANGULAR,400x135.213,1,0.300,0.300,0.000000
EA,RECTANGULAR,400x136.25,1,0.250,0.250,0.000000
EA,RECTANGULAR,400x152.275,1,0.300,0.300,0.000000
EA,RECTANGULAR,400x209.221,1,0.300,0.300,0.000000
EA,RECTANGULAR,400x239.703,1,0.300,0.300,0.000000
EA,RECTANGULAR,400x250.808,1,0.300,0.300,0.000000
EA,RECTANGULAR,400x323.261,1,0.250,0.250,0.000000
EA,RECTANGULAR,400x361.672,1,0.300,0.300,0.000000
EA,RECTANGULAR,400x4.5,1,0.300,0.300,0.000000
EA,RECTANGULAR,400x82.598,1,0.300,0.300,0.000000
EA,RECTANGULAR,400x85.63,1,0.300,0.300,0.000000
EA,RECTANGULAR,400x96.735,1,0.300,0.300,0.000000
EA,RECTANGULAR,417.132x350,1,0.250,0.250,0.000000
EA,RECTANGULAR,417x350,1,0.250,0.250,0.000000
EA,RECTANGULAR,446.172x350,1,0.250,0.250,0.000000
EA,RECTANGULAR,469.505x400,1,0.300,0.300,0.000000
EA,RECTANGULAR,500.102x350,1,0.250,0.250,0.000000
EA,RECTANGULAR,500x285,1,0.200,0.200,0.000000
EA,RECTANGULAR,532.701x350,1,0.250,0.250,0.000000
EA,RECTANGULAR,563.485x350,1,0.250,0.250,0.000000
EA,RECTANGULAR,5928.147x400,2,0.500,0.500,0.000000
EA,RECTANGULAR,6512.893x350,1,0.250,0.250,0.000000
EA,RECTANGULAR,669.505x400,1,0.300,0.300,0.000000
EA,RECTANGULAR,674.78x350,1,0.250,0.250,0.000000
EA,RECTANGULAR,7205.89x350,1,0.250,0.250,0.000000
EA,RECTANGULAR,7325.81x350,1,0.250,0.250,0.000000
EA,RECTANGULAR,791.541x350,1,0.250,0.250,0.000000
EA,RECTANGULAR,800x400,2,0.500,0.500,0.000000
EA,RECTANGULAR,8291.572x350,1,0.250,0.250,0.000000
EA,RECTANGULAR,930.218x350,1,0.250,0.250,0.000000
EA,RECTANGULAR,959.451x350,1,0.250,0.250,0.000000
EA,ROUND,D100,8,7.294,7.294,0.000000
EA,ROUND,D150,102,136.834,136.834,0.000000
EA,ROUND,D200,107,119.359,119.359,0.000000
EA,ROUND,D250,128,146.003,146.003,0.000000
EA,ROUND,D300,3,7.351,7.351,0.000000
EA,ROUND,D350,2,1.861,1.861,0.000000
OA,RECTANGULAR,1008.821x250,1,0.250,0.250,0.000000
OA,RECTANGULAR,1009.246x250,1,0.250,0.250,0.000000
OA,RECTANGULAR,1039.199x300,1,0.200,0.200,0.000000
OA,RECTANGULAR,1104.514x300,1,0.200,0.200,0.000000
OA,RECTANGULAR,1520.06x250,2,0.500,0.500,0.000000
OA,RECTANGULAR,1549.52x250,1,0.250,0.250,0.000000
OA,RECTANGULAR,2413.898x250,1,0.250,0.250,0.000000
OA,RECTANGULAR,2460.142x250,1,0.250,0.250,0.000000
OA,RECTANGULAR,250x250,4,2.813,2.813,0.000000
OA,RECTANGULAR,250x62.981,1,0.250,0.250,0.000000
OA,RECTANGULAR,250x86.084,1,0.250,0.250,0.000000
OA,RECTANGULAR,300x200,3,1.306,1.306,0.000000
OA,RECTANGULAR,300x257.157,1,0.200,0.200,0.000000
OA,RECTANGULAR,300x29.158,1,0.200,0.200,0.000000
OA,RECTANGULAR,300x62.134,1,0.200,0.200,0.000000
OA,RECTANGULAR,302.157x300,1,0.200,0.200,0.000000
OA,RECTANGULAR,4519.76x250,1,0.250,0.250,0.000000
OA,RECTANGULAR,717.157x300,1,0.200,0.200,0.000000
OA,RECTANGULAR,919.814x250,1,0.250,0.250,0.000000
OA,ROUND,D150,4,11.883,11.883,0.000000
OA,ROUND,D200,49,70.316,70.316,0.000000
OA,ROUND,D250,25,41.928,41.928,0.000000
OA,ROUND,D300,4,6.482,6.482,0.000000
OA,ROUND,D350,5,9.207,9.207,0.000000
RA,RECTANGULAR,1200x506.501,1,0.350,0.350,0.000000
RA,RECTANGULAR,800x15.323,1,0.350,0.350,0.000000
RA,RECTANGULAR,800x370,1,0.350,0.350,0.000000
RA,RECTANGULAR,900x370,1,0.350,0.350,0.000000
SA,RECTANGULAR,10204.953x350,1,0.200,0.200,0.000000
SA,RECTANGULAR,1020x550,1,0.250,0.250,0.000000
SA,RECTANGULAR,10277.5x400,1,0.250,0.250,0.000000
SA,RECTANGULAR,10415.488x350,1,0.200,0.200,0.000000
SA,RECTANGULAR,1065.764x600,1,0.400,0.400,0.000000
SA,RECTANGULAR,1089.807x250,1,0.350,0.350,0.000000
SA,RECTANGULAR,1113x250,1,0.350,0.350,0.000000
SA,RECTANGULAR,1113x400,1,0.250,0.250,0.000000
SA,RECTANGULAR,1329.618x600,1,0.400,0.400,0.000000
SA,RECTANGULAR,1405.355x400,1,0.250,0.250,0.000000
SA,RECTANGULAR,1474.521x650,1,0.400,0.400,0.000000
SA,RECTANGULAR,1540x400,1,0.250,0.250,0.000000
SA,RECTANGULAR,1655.613x600,1,0.400,0.400,0.000000
SA,RECTANGULAR,1661.813x300,1,0.400,0.400,0.000000
SA,RECTANGULAR,1720.332x500,1,0.200,0.200,0.000000
SA,RECTANGULAR,1721.381x750,1,0.550,0.550,0.000000
SA,RECTANGULAR,1742.276x750,1,0.450,0.450,0.000000
SA,RECTANGULAR,1816.409x500,1,0.400,0.400,0.000000
SA,RECTANGULAR,2008.088x500,1,0.400,0.400,0.000000
SA,RECTANGULAR,2072x550,2,0.500,0.500,0.000000
SA,RECTANGULAR,2080x550,1,0.250,0.250,0.000000
SA,RECTANGULAR,2145.871x450,1,0.400,0.400,0.000000
SA,RECTANGULAR,2177.26x550,1,0.400,0.400,0.000000
SA,RECTANGULAR,2199.415x750,1,0.400,0.400,0.000000
SA,RECTANGULAR,2241.489x500,1,0.400,0.400,0.000000
SA,RECTANGULAR,2316.6x550,2,0.500,0.500,0.000000
SA,RECTANGULAR,2373.314x300,1,0.400,0.400,0.000000
SA,RECTANGULAR,2471.955x400,1,0.250,0.250,0.000000
SA,RECTANGULAR,2568.333x300,1,0.400,0.400,0.000000
SA,RECTANGULAR,2597.395x550,1,0.400,0.400,0.000000
SA,RECTANGULAR,2713.604x300,1,0.400,0.400,0.000000
SA,RECTANGULAR,300x100,1,0.400,0.400,0.000000
SA,RECTANGULAR,300x112.701,1,0.400,0.400,0.000000
SA,RECTANGULAR,300x128.249,6,2.400,2.400,0.000000
SA,RECTANGULAR,300x171.111,1,0.400,0.400,0.000000
SA,RECTANGULAR,300x269.67,1,0.400,0.400,0.000000
SA,RECTANGULAR,3130.169x350,1,0.200,0.200,0.000000
SA,RECTANGULAR,3272.669x500,1,0.200,0.200,0.000000
SA,RECTANGULAR,3300x450,1,0.250,0.250,0.000000
SA,RECTANGULAR,3405x400,1,0.250,0.250,0.000000
SA,RECTANGULAR,3826.758x700,1,0.400,0.400,0.000000
SA,RECTANGULAR,3872.669x350,1,0.200,0.200,0.000000
SA,RECTANGULAR,400x128.249,13,7.600,7.600,0.000000
SA,RECTANGULAR,400x269.67,7,3.800,3.800,0.000000
SA,RECTANGULAR,400x300,2,1.459,1.459,0.000000
SA,RECTANGULAR,446.447x400,1,0.650,0.650,0.000000
SA,RECTANGULAR,450x139.144,1,0.750,0.750,0.000000
SA,RECTANGULAR,450x240.131,1,0.400,0.400,0.000000
SA,RECTANGULAR,450x3.76,1,0.400,0.400,0.000000
SA,RECTANGULAR,450x400,1,0.729,0.729,0.000000
SA,RECTANGULAR,450x53.062,1,0.400,0.400,0.000000
SA,RECTANGULAR,4528.15x500,1,0.200,0.200,0.000000
SA,RECTANGULAR,500x10.794,1,0.400,0.400,0.000000
SA,RECTANGULAR,500x100,1,0.400,0.400,0.000000
SA,RECTANGULAR,500x400,2,1.459,1.459,0.000000
SA,RECTANGULAR,500x472.768,1,0.400,0.400,0.000000
SA,RECTANGULAR,500x481.447,1,0.200,0.200,0.000000
SA,RECTANGULAR,500x79.25,1,0.400,0.400,0.000000
SA,RECTANGULAR,513.334x450,1,0.400,0.400,0.000000
SA,RECTANGULAR,5168.645x400,1,0.250,0.250,0.000000
SA,RECTANGULAR,520.541x300,1,0.400,0.400,0.000000
SA,RECTANGULAR,532.768x300,1,0.400,0.400,0.000000
SA,RECTANGULAR,550x110.051,1,0.750,0.750,0.000000
SA,RECTANGULAR,550x164.942,1,0.400,0.400,0.000000
SA,RECTANGULAR,550x400,1,0.729,0.729,0.000000
SA,RECTANGULAR,550x518.684,1,0.250,0.250,0.000000
SA,RECTANGULAR,5718.543x400,1,0.250,0.250,0.000000
SA,RECTANGULAR,5863.543x400,1,0.250,0.250,0.000000
SA,RECTANGULAR,587.868x400,1,0.750,0.750,0.000000
SA,RECTANGULAR,596.582x550,1,0.400,0.400,0.000000
SA,RECTANGULAR,5993.553x500,1,0.200,0.200,0.000000
SA,RECTANGULAR,600.265x300,1,0.400,0.400,0.000000
SA,RECTANGULAR,600x100,1,0.400,0.400,0.000000
SA,RECTANGULAR,600x338.764,1,0.400,0.400,0.000000
SA,RECTANGULAR,600x360.63,1,0.400,0.400,0.000000
SA,RECTANGULAR,600x400,2,1.459,1.459,0.000000
SA,RECTANGULAR,600x532.843,1,0.400,0.400,0.000000
SA,RECTANGULAR,6024.309x400,2,0.500,0.500,0.000000
SA,RECTANGULAR,6125.332x500,1,0.200,0.200,0.000000
SA,RECTANGULAR,6179.953x400,1,0.250,0.250,0.000000
SA,RECTANGULAR,6301.163x400,1,0.250,0.250,0.000000
SA,RECTANGULAR,649.094x500,1,0.400,0.400,0.000000
SA,RECTANGULAR,650x642.514,1,0.400,0.400,0.000000
SA,RECTANGULAR,6627.366x400,1,0.250,0.250,0.000000
SA,RECTANGULAR,690x400,1,0.250,0.250,0.000000
SA,RECTANGULAR,698.009x300,1,0.400,0.400,0.000000
SA,RECTANGULAR,700x145.604,1,0.400,0.400,0.000000
SA,RECTANGULAR,700x298.5,1,0.400,0.400,0.000000
SA,RECTANGULAR,700x345,1,0.400,0.400,0.000000
SA,RECTANGULAR,700x642,1,0.400,0.400,0.000000
SA,RECTANGULAR,700x669.5,1,0.400,0.400,0.000000
SA,RECTANGULAR,700x675,1,0.400,0.400,0.000000
SA,RECTANGULAR,7040x400,2,0.500,0.500,0.000000
SA,RECTANGULAR,705x500,1,0.200,0.200,0.000000
SA,RECTANGULAR,7220x400,2,0.500,0.500,0.000000
SA,RECTANGULAR,750x129.5,1,0.400,0.400,0.000000
SA,RECTANGULAR,750x4.5,1,0.400,0.400,0.000000
SA,RECTANGULAR,750x450,1,0.250,0.250,0.000000
SA,RECTANGULAR,750x484,1,0.450,0.450,0.000000
SA,RECTANGULAR,750x584,1,0.550,0.550,0.000000
SA,RECTANGULAR,750x637.626,1,0.450,0.450,0.000000
SA,RECTANGULAR,750x650,1,0.400,0.400,0.000000
SA,RECTANGULAR,750x660,1,0.450,0.450,0.000000
SA,RECTANGULAR,750x723.629,1,0.400,0.400,0.000000
SA,RECTANGULAR,771.816x600,1,0.400,0.400,0.000000
SA,RECTANGULAR,800.736x400,2,0.500,0.500,0.000000
SA,RECTANGULAR,800x500,1,0.200,0.200,0.000000
SA,RECTANGULAR,804.998x650,1,0.400,0.400,0.000000
SA,RECTANGULAR,825.948x600,1,0.400,0.400,0.000000
SA,RECTANGULAR,837x600,1,0.400,0.400,0.000000
SA,RECTANGULAR,841.044x300,1,0.400,0.400,0.000000
SA,RECTANGULAR,846.163x550,1,0.250,0.250,0.000000
SA,RECTANGULAR,8599.264x400,1,0.250,0.250,0.000000
SA,RECTANGULAR,8600x500,1,0.200,0.200,0.000000
SA,RECTANGULAR,8601.961x200,1,0.500,0.500,0.000000
SA,RECTANGULAR,8930.754x400,1,0.250,0.250,0.000000
SA,RECTANGULAR,899.578x750,1,0.550,0.550,0.000000
SA,RECTANGULAR,909.254x300,1,0.400,0.400,0.000000
SA,RECTANGULAR,943.784x450,1,0.400,0.400,0.000000
SA,RECTANGULAR,947.355x400,1,0.250,0.250,0.000000
SA,RECTANGULAR,955x350,1,0.200,0.200,0.000000
SA,RECTANGULAR,955x750,1,0.450,0.450,0.000000
SA,RECTANGULAR,956.096x400,1,0.250,0.250,0.000000
SA,RECTANGULAR,9731.49x400,1,0.250,0.250,0.000000
SA,RECTANGULAR,981.447x350,1,0.200,0.200,0.000000
SA,ROUND,D150,15,12.370,12.370,0.000000
SA,ROUND,D200,206,253.559,253.559,0.000000
SA,ROUND,D250,111,140.574,140.574,0.000000
SA,ROUND,D300,23,21.543,21.543,0.000000
