FittingGlobalId,FittingName,FittingTypeName,継手種類,階,系統コード,系統名称,IFC系統分類,FittingPortCount,PortIndex,PortGlobalId,PortName,PortDescription,FlowDirection,PortPredefinedType,PortSystemType,PortDiameterProperties,PortDiameterCandidate,PortProperties,ConnectedPortGlobalId,ConnectedPortName,ConnectedPortFlowDirection,ConnectedPortDiameterProperties,ConnectedPortDiameterCandidate,ConnectedElementClass,ConnectedElementGlobalId,ConnectedElementName,ConnectedElementTypeName,ConnectedElementDiameterProperties,ConnectedElementDiameterCandidate,DiameterCandidate,DiameterSource,Warning
2$VmGHsp16yBfz_qEe9DVZ,041_レジューサ:Common:40690082,041_レジューサ:Common,レジューサ,5FL,CH 3,M031_CH冷温水(往),HEATING,2,1,2ngDErYDKBI9EaOCcm5L1L,Port_40690082_2,Flow,SOURCEANDSINK,PIPE,HEATING,,,,3c$$DGypYEZEFrujugbVpC,Port_40689797_1,SOURCEANDSINK,,,IfcPipeSegment,2$VmGHsp16yBfz_qEe9DR4,配管タイプ:00_供給:40689797,配管タイプ:00_供給,Pset_PipeSegmentTypeCommon.InnerDiameter=52.900000000000006 | Pset_PipeSegmentTypeCommon.OuterDiameter=60.5,60.5,60.5,ConnectedElement,
2$VmGHsp16yBfz_qEe9DVZ,041_レジューサ:Common:40690082,041_レジューサ:Common,レジューサ,5FL,CH 3,M031_CH冷温水(往),HEATING,2,2,3J5LA1CSoraRLsDBn0JmW8,Port_40690082_1,Flow,SOURCEANDSINK,PIPE,HEATING,,,,0yil5w0TOU6QZwLBc$4E3z,Port_40690018_0,SOURCEANDSINK,,,IfcPipeSegment,2$VmGHsp16yBfz_qEe9DSZ,配管タイプ:00_供給:40690018,配管タイプ:00_供給,Pset_PipeSegmentTypeCommon.InnerDiameter=67.9 | Pset_PipeSegmentTypeCommon.OuterDiameter=76.3,76.3,76.3,ConnectedElement,
2$VmGHsp16yBfz_qEe9DVd,041_レジューサ:Common:40690086,041_レジューサ:Common,レジューサ,5FL,CHR 2,M032_CHR冷温水(還),HEATING,2,1,0iNNGjLLziVQww5XET2n$K,Port_40690086_2,Flow,SOURCEANDSINK,PIPE,HEATING,,,,1NvrcG9O2PuEeixEASjEig,Port_40689839_1,SOURCEANDSINK,,,IfcPipeSegment,2$VmGHsp16yBfz_qEe9DRk,配管タイプ:00_供給:40689839,配管タイプ:00_供給,Pset_PipeSegmentTypeCommon.InnerDiameter=52.900000000000006 | Pset_PipeSegmentTypeCommon.OuterDiameter=60.5,60.5,60.5,ConnectedElement,
2$VmGHsp16yBfz_qEe9DVd,041_レジューサ:Common:40690086,041_レジューサ:Common,レジューサ,5FL,CHR 2,M032_CHR冷温水(還),HEATING,2,2,1YCKAm2r1vVc8ADCdn4p$1,Port_40690086_1,Flow,SOURCEANDSINK,PIPE,HEATING,,,,35UN5BwXcpyUJPmwD_Z0uu,Port_40690056_0,SOURCEANDSINK,,,IfcPipeSegment,2$VmGHsp16yBfz_qEe9DV9,配管タイプ:00_供給:40690056,配管タイプ:00_供給,Pset_PipeSegmentTypeCommon.InnerDiameter=67.9 | Pset_PipeSegmentTypeCommon.OuterDiameter=76.3,76.3,76.3,ConnectedElement,
1ac9r3PDbDQOpvhhva4cZ3,041_レジューサ:Common:40785008,041_レジューサ:Common,レジューサ,5FL,CH 3,M031_CH冷温水(往),HEATING,2,1,2REPYoZFjv7Teeo2mNdlIR,Port_40785008_2,Flow,SOURCEANDSINK,PIPE,HEATING,,,,1Gbpd2znBgjbCduEv3jH5V,Port_40690018_1,SOURCEANDSINK,,,IfcPipeSegment,2$VmGHsp16yBfz_qEe9DSZ,配管タイプ:00_供給:40690018,配管タイプ:00_供給,Pset_PipeSegmentTypeCommon.InnerDiameter=67.9 | Pset_PipeSegmentTypeCommon.OuterDiameter=76.3,76.3,76.3,ConnectedElement,
1ac9r3PDbDQOpvhhva4cZ3,041_レジューサ:Common:40785008,041_レジューサ:Common,レジューサ,5FL,CH 3,M031_CH冷温水(往),HEATING,2,2,0hlJRI96lZbkXXuhXsROgd,Port_40785008_1,Flow,SOURCEANDSINK,PIPE,HEATING,,,,33hkngtI0I16Jqe774oEEr,Port_40784919_0,SOURCEANDSINK,,,IfcPipeSegment,1ac9r3PDbDQOpvhhva4cYa,配管タイプ:00_供給:40784919,配管タイプ:00_供給,Pset_PipeSegmentTypeCommon.InnerDiameter=80.70000000000002 | Pset_PipeSegmentTypeCommon.OuterDiameter=89.1,89.1,89.1,ConnectedElement,
1ac9r3PDbDQOpvhhva4cZ1,041_レジューサ:Common:40785010,041_レジューサ:Common,レジューサ,5FL,CHR 2,M032_CHR冷温水(還),HEATING,2,1,3bQfnK1LqtiDu7N4n9vyJu,Port_40785010_2,Flow,SOURCEANDSINK,PIPE,HEATING,,,,1FWGTpWFTpA7cG2GVo44pp,Port_40690056_1,SOURCEANDSINK,,,IfcPipeSegment,2$VmGHsp16yBfz_qEe9DV9,配管タイプ:00_供給:40690056,配管タイプ:00_供給,Pset_PipeSegmentTypeCommon.InnerDiameter=67.9 | Pset_PipeSegmentTypeCommon.OuterDiameter=76.3,76.3,76.3,ConnectedElement,
1ac9r3PDbDQOpvhhva4cZ1,041_レジューサ:Common:40785010,041_レジューサ:Common,レジューサ,5FL,CHR 2,M032_CHR冷温水(還),HEATING,2,2,1y802xeh9dIOI_ECFMKM4j,Port_40785010_1,Flow,SOURCEANDSINK,PIPE,HEATING,,,,0QY4Cl7BXVzvBJd7IPERg5,Port_40784998_0,SOURCEANDSINK,,,IfcPipeSegment,1ac9r3PDbDQOpvhhva4cZL,配管タイプ:00_供給:40784998,配管タイプ:00_供給,Pset_PipeSegmentTypeCommon.InnerDiameter=80.70000000000002 | Pset_PipeSegmentTypeCommon.OuterDiameter=89.1,89.1,89.1,ConnectedElement,
1ac9r3PDbDQOpvhhva4cWw,011_エルボ:Common:40785033,011_エルボ:Common,エルボ,5FL,CH 7,M031_CH冷温水(往),HEATING,2,1,2pjQrCcejvRqp800Xabfpx,Port_40785033_1,Flow,SOURCEANDSINK,PIPE,HEATING,,,,,,,,,,,,,,,,,接続先Portなし | 径候補なし
1ac9r3PDbDQOpvhhva4cWw,011_エルボ:Common:40785033,011_エルボ:Common,エルボ,5FL,CH 7,M031_CH冷温水(往),HEATING,2,2,2zVxqyMKWV8gSHtvHJ30dT,Port_40785033_2,Flow,SOURCEANDSINK,PIPE,HEATING,,,,208sQW_sobEs2l2YWtj$HB,Port_41582430_0,SOURCEANDSINK,,,IfcPipeSegment,2s0miY2LL7VPzA9lwxWjmA,配管タイプ:00_供給:41582430,配管タイプ:00_供給,Pset_PipeSegmentTypeCommon.InnerDiameter=105.3 | Pset_PipeSegmentTypeCommon.OuterDiameter=114.30000000000001,114.30000000000001,114.30000000000001,ConnectedElement,
1ac9r3PDbDQOpvhhva4cW_,041_レジューサ:Common:40785037,041_レジューサ:Common,レジューサ,5FL,CH 3,M031_CH冷温水(往),HEATING,2,1,2ios2VBf$L1TMM3e3hoWhY,Port_40785037_2,Flow,SOURCEANDSINK,PIPE,HEATING,,,,1V6EvjBNNFseCv4Nk9EjNN,Port_40784919_1,SOURCEANDSINK,,,IfcPipeSegment,1ac9r3PDbDQOpvhhva4cYa,配管タイプ:00_供給:40784919,配管タイプ:00_供給,Pset_PipeSegmentTypeCommon.InnerDiameter=80.70000000000002 | Pset_PipeSegmentTypeCommon.OuterDiameter=89.1,89.1,89.1,ConnectedElement,
1ac9r3PDbDQOpvhhva4cW_,041_レジューサ:Common:40785037,041_レジューサ:Common,レジューサ,5FL,CH 3,M031_CH冷温水(往),HEATING,2,2,15RbJZFSLvP_ByElvNeEtQ,Port_40785037_1,Flow,SOURCEANDSINK,PIPE,HEATING,,,,,,,,,,,,,,,,,接続先Portなし | 径候補なし
1ac9r3PDbDQOpvhhva4cWi,011_エルボ:Common:40785055,011_エルボ:Common,エルボ,5FL,CHR 6,M032_CHR冷温水(還),HEATING,2,1,12rww0B3V9$gcLUd$EOiuY,Port_40785055_1,Flow,SOURCEANDSINK,PIPE,HEATING,,,,,,,,,,,,,,,,,接続先Portなし | 径候補なし
1ac9r3PDbDQOpvhhva4cWi,011_エルボ:Common:40785055,011_エルボ:Common,エルボ,5FL,CHR 6,M032_CHR冷温水(還),HEATING,2,2,0rmzDJ$4ulsOQp6rLbm5Fu,Port_40785055_2,Flow,SOURCEANDSINK,PIPE,HEATING,,,,1y95misH3PgkTdnuVjb2y8,Port_41582434_0,SOURCEANDSINK,,,IfcPipeSegment,2s0miY2LL7VPzA9lwxWjms,配管タイプ:00_供給:41582434,配管タイプ:00_供給,Pset_PipeSegmentTypeCommon.InnerDiameter=105.3 | Pset_PipeSegmentTypeCommon.OuterDiameter=114.30000000000001,114.30000000000001,114.30000000000001,ConnectedElement,
1ac9r3PDbDQOpvhhva4cWG,041_レジューサ:Common:40785059,041_レジューサ:Common,レジューサ,5FL,CHR 2,M032_CHR冷温水(還),HEATING,2,1,2ZUtSyChJL$JsZ_zN8Qsj9,Port_40785059_2,Flow,SOURCEANDSINK,PIPE,HEATING,,,,0yKQyxNCJIEryuxEZvmOg0,Port_40784998_1,SOURCEANDSINK,,,IfcPipeSegment,1ac9r3PDbDQOpvhhva4cZL,配管タイプ:00_供給:40784998,配管タイプ:00_供給,Pset_PipeSegmentTypeCommon.InnerDiameter=80.70000000000002 | Pset_PipeSegmentTypeCommon.OuterDiameter=89.1,89.1,89.1,ConnectedElement,
1ac9r3PDbDQOpvhhva4cWG,041_レジューサ:Common:40785059,041_レジューサ:Common,レジューサ,5FL,CHR 2,M032_CHR冷温水(還),HEATING,2,2,2r6JESED_PcU$ca6USGslM,Port_40785059_1,Flow,SOURCEANDSINK,PIPE,HEATING,,,,,,,,,,,,,,,,,接続先Portなし | 径候補なし
1Xr6N_BwzCmBJNBoxXVf1g,012_エルボ_冷媒管:Common:40791054,012_エルボ_冷媒管:Common,冷媒管エルボ,5FL,R 3,M091_R冷媒2way,HEATING,2,1,130Dq34OpPBYj6K0LaX14S,Port_40791054_1,Flow,SOURCEANDSINK,PIPE,HEATING,,,,1nYa$Bwy4QwVqbXJnbHIw4,Port_43400781_1,SOURCEANDSINK,,,IfcPipeSegment,1UvjyJsubCqvxfV7N9tGKo,配管タイプ:00_冷媒:43400781,配管タイプ:00_冷媒,Pset_PipeSegmentTypeCommon.InnerDiameter=20.0 | Pset_PipeSegmentTypeCommon.OuterDiameter=100.0,100.0,100.0,ConnectedElement,
1Xr6N_BwzCmBJNBoxXVf1g,012_エルボ_冷媒管:Common:40791054,012_エルボ_冷媒管:Common,冷媒管エルボ,5FL,R 3,M091_R冷媒2way,HEATING,2,2,3Ow8wYeEQPx6qnOFMZEY8H,Port_40791054_2,Flow,SOURCEANDSINK,PIPE,HEATING,,,,,,,,,,,,,,,,,接続先Portなし | 径候補なし
2_WJo6XP5ApQ6TRZ01Q7tT,012_エルボ_冷媒管:Common:40792780,012_エルボ_冷媒管:Common,冷媒管エルボ,5FL,R 2,M091_R冷媒2way,HEATING,2,1,2AZ9brmTHxM5TTXn7XHhsi,Port_40792780_2,Flow,SOURCEANDSINK,PIPE,NOTDEFINED,,,,1hzN_G0bBc4DOr6$XrGzI5,Port_40789108_1,SOURCEANDSINK,,,IfcPipeSegment,1Xr6N_BwzCmBJNBoxXVfWG,配管タイプ:00_冷媒:40789108,配管タイプ:00_冷媒,Pset_PipeSegmentTypeCommon.InnerDiameter=20.0 | Pset_PipeSegmentTypeCommon.OuterDiameter=100.0,100.0,100.0,ConnectedElement,
2_WJo6XP5ApQ6TRZ01Q7tT,012_エルボ_冷媒管:Common:40792780,012_エルボ_冷媒管:Common,冷媒管エルボ,5FL,R 2,M091_R冷媒2way,HEATING,2,2,0o0v_3ytAebYT2CVS2nq2H,Port_40792780_1,Flow,SOURCEANDSINK,PIPE,NOTDEFINED,,,,,,,,,,,,,,,,,接続先Portなし | 径候補なし
2_WJo6XP5ApQ6TRZ01Q7Z5,012_エルボ_冷媒管:Common:40794068,012_エルボ_冷媒管:Common,冷媒管エルボ,5FL,R 1,M091_R冷媒2way,HEATING,2,1,2pd49_P3JDXYBbEG6idEL2,Port_40794068_1,Flow,SOURCEANDSINK,PIPE,HEATING,,,,,,,,,,,,,,,,,接続先Portなし | 径候補なし
2_WJo6XP5ApQ6TRZ01Q7Z5,012_エルボ_冷媒管:Common:40794068,012_エルボ_冷媒管:Common,冷媒管エルボ,5FL,R 1,M091_R冷媒2way,HEATING,2,2,1a2cInjiA85tCFhAqAn8by,Port_40794068_2,Flow,SOURCEANDSINK,PIPE,HEATING,,,,12Xs3k$kcEupfzYAIZUzht,Port_43400770_1,SOURCEANDSINK,,,IfcPipeSegment,1UvjyJsubCqvxfV7N9tGKz,配管タイプ:00_冷媒:43400770,配管タイプ:00_冷媒,Pset_PipeSegmentTypeCommon.InnerDiameter=20.0 | Pset_PipeSegmentTypeCommon.OuterDiameter=100.0,100.0,100.0,ConnectedElement,
0cXTiyCGHAUA9HHDpgCanU,012_エルボ_冷媒管:Common:40799307,012_エルボ_冷媒管:Common,冷媒管エルボ,5FL,R 4,M091_R冷媒2way,HEATING,2,1,3ob2dCP5RWRBAi9vHVgusV,Port_40799307_1,Flow,SOURCEANDSINK,PIPE,HEATING,,,,,,,,,,,,,,,,,接続先Portなし | 径候補なし
0cXTiyCGHAUA9HHDpgCanU,012_エルボ_冷媒管:Common:40799307,012_エルボ_冷媒管:Common,冷媒管エルボ,5FL,R 4,M091_R冷媒2way,HEATING,2,2,2$epeKdsLMMCkjJ0qpiWRa,Port_40799307_2,Flow,SOURCEANDSINK,PIPE,HEATING,,,,3VK712LDOOQk$rZ2qI1Gp6,Port_43400805_1,SOURCEANDSINK,,,IfcPipeSegment,1UvjyJsubCqvxfV7N9tGKQ,配管タイプ:00_冷媒:43400805,配管タイプ:00_冷媒,Pset_PipeSegmentTypeCommon.InnerDiameter=20.0 | Pset_PipeSegmentTypeCommon.OuterDiameter=100.0,100.0,100.0,ConnectedElement,
1YmQEFw6r2CwltcTVryyK7,011_エルボ:Common:40813123,011_エルボ:Common,エルボ,5FL,OR 1,E_OR油(還),USERDEFINED,2,1,3MpeK1ydvQkdOuYJqFSURF,Port_40813123_2,Flow,SOURCEANDSINK,PIPE,USERDEFINED,,,,0$b_i$AB12s$eUqHQPUnF4,Port_40797074_0,SOURCEANDSINK,,,IfcPipeSegment,0cXTiyCGHAUA9HHDpgCaE7,配管タイプ:00_供給:40797074,配管タイプ:00_供給,Pset_PipeSegmentTypeCommon.InnerDiameter=16.1 | Pset_PipeSegmentTypeCommon.OuterDiameter=21.7,21.7,21.7,ConnectedElement,
1YmQEFw6r2CwltcTVryyK7,011_エルボ:Common:40813123,011_エルボ:Common,エルボ,5FL,OR 1,E_OR油(還),USERDEFINED,2,2,1PZFPY72G6PyQtixJRdEZY,Port_40813123_1,Flow,SOURCEANDSINK,PIPE,USERDEFINED,,,,3wd0MZefFpg4Zmqks4rEDo,Port_40813021_1,SOURCEANDSINK,,,IfcPipeSegment,1YmQEFw6r2CwltcTVryyQP,配管タイプ:00_供給:40813021,配管タイプ:00_供給,Pset_PipeSegmentTypeCommon.InnerDiameter=16.1 | Pset_PipeSegmentTypeCommon.OuterDiameter=21.7,21.7,21.7,ConnectedElement,
1YmQEFw6r2CwltcTVryyNK,011_エルボ:Common:40813200,011_エルボ:Common,エルボ,5FL,O 1,E_O油(往),USERDEFINED,2,1,3BqIzVU7RjMR2OHZsNYUSC,Port_40813200_1,Flow,SOURCEANDSINK,PIPE,USERDEFINED,,,,11xbPFh3VbbsrX6xb7lAMn,Port_40813198_0,SOURCEANDSINK,,,IfcPipeSegment,1YmQEFw6r2CwltcTVryyNA,配管タイプ:00_供給:40813198,配管タイプ:00_供給,Pset_PipeSegmentTypeCommon.InnerDiameter=16.1 | Pset_PipeSegmentTypeCommon.OuterDiameter=21.7,21.7,21.7,ConnectedElement,
1YmQEFw6r2CwltcTVryyNK,011_エルボ:Common:40813200,011_エルボ:Common,エルボ,5FL,O 1,E_O油(往),USERDEFINED,2,2,2ngpRYeEqa_m93hxO9C9RL,Port_40813200_2,Flow,SOURCEANDSINK,PIPE,USERDEFINED,,,,1EigwO4wwMiPx6yksgFIiJ,Port_40813245_0,SOURCEANDSINK,,,IfcPipeSegment,1YmQEFw6r2CwltcTVryyNv,配管タイプ:00_供給:40813245,配管タイプ:00_供給,Pset_PipeSegmentTypeCommon.InnerDiameter=16.1 | Pset_PipeSegmentTypeCommon.OuterDiameter=21.7,21.7,21.7,ConnectedElement,
1YmQEFw6r2CwltcTVryyNM,011_エルボ:Common:40813202,011_エルボ:Common,エルボ,5FL,O 1,E_O油(往),USERDEFINED,2,1,3kSdk5lmjXCjKTG9X_JmgG,Port_40813202_2,Flow,SOURCEANDSINK,PIPE,USERDEFINED,,,,24ywK2Sv2JX2EIcp_ecyvL,Port_40813194_0,SOURCEANDSINK,,,IfcPipeSegment,1YmQEFw6r2CwltcTVryyNE,配管タイプ:00_供給:40813194,配管タイプ:00_供給,Pset_PipeSegmentTypeCommon.InnerDiameter=16.1 | Pset_PipeSegmentTypeCommon.OuterDiameter=21.7,21.7,21.7,ConnectedElement,
1YmQEFw6r2CwltcTVryyNM,011_エルボ:Common:40813202,011_エルボ:Common,エルボ,5FL,O 1,E_O油(往),USERDEFINED,2,2,1TnUPtcNxhAo8a$HDMMCCq,Port_40813202_1,Flow,SOURCEANDSINK,PIPE,USERDEFINED,,,,3Y2GbEvM_HLBz_9pd7t3GC,Port_40813198_1,SOURCEANDSINK,,,IfcPipeSegment,1YmQEFw6r2CwltcTVryyNA,配管タイプ:00_供給:40813198,配管タイプ:00_供給,Pset_PipeSegmentTypeCommon.InnerDiameter=16.1 | Pset_PipeSegmentTypeCommon.OuterDiameter=21.7,21.7,21.7,ConnectedElement,
1YmQEFw6r2CwltcTVryyIR,011_エルボ:Common:40813535,011_エルボ:Common,エルボ,5FL,O 2,E_O油(往),USERDEFINED,2,1,0DAjnoBipUAiZHzCrPsQdw,Port_40813535_1,Flow,SOURCEANDSINK,PIPE,USERDEFINED,,,,3rvnNY_OmWuWBcFxz1xpTY,Port_40812320_0,SOURCEANDSINK,,,IfcPipeSegment,1YmQEFw6r2CwltcTVryxXa,配管タイプ:00_供給:40812320,配管タイプ:00_供給,Pset_PipeSegmentTypeCommon.InnerDiameter=16.1 | Pset_PipeSegmentTypeCommon.OuterDiameter=21.7,21.7,21.7,ConnectedElement,
1YmQEFw6r2CwltcTVryyIR,011_エルボ:Common:40813535,011_エルボ:Common,エルボ,5FL,O 2,E_O油(往),USERDEFINED,2,2,08vzaEv8pmBlQHXDsTYzgR,Port_40813535_2,Flow,SOURCEANDSINK,PIPE,USERDEFINED,,,,09Xv4Ye$K_tjVAiVIRX$Fo,Port_40906488_0,SOURCEANDSINK,,,IfcPipeSegment,1$rgajjQrCDg9Lz3xmtQRL,配管タイプ:00_供給:40906488,配管タイプ:00_供給,Pset_PipeSegmentTypeCommon.InnerDiameter=16.1 | Pset_PipeSegmentTypeCommon.OuterDiameter=21.7,21.7,21.7,ConnectedElement,
1YmQEFw6r2CwltcTVryy93,011_エルボ:Common:40813831,011_エルボ:Common,エルボ,5FL,O 2,E_O油(往),USERDEFINED,2,1,3kFI8V3cqy$FJkuheauUMx,Port_40813831_1,Flow,SOURCEANDSINK,PIPE,USERDEFINED,,,,1W6PXOeBXQiYesJiyXDBnL,Port_40813586_0,SOURCEANDSINK,,,IfcPipeSegment,1YmQEFw6r2CwltcTVryyDM,配管タイプ:00_供給:40813586,配管タイプ:00_供給,Pset_PipeSegmentTypeCommon.InnerDiameter=16.1 | Pset_PipeSegmentTypeCommon.OuterDiameter=21.7,21.7,21.7,ConnectedElement,
1YmQEFw6r2CwltcTVryy93,011_エルボ:Common:40813831,011_エルボ:Common,エルボ,5FL,O 2,E_O油(往),USERDEFINED,2,2,2d7BQXUqfXwy0FP$N6JPhK,Port_40813831_2,Flow,SOURCEANDSINK,PIPE,USERDEFINED,,,,2hRfJmn7X3UMOX0fPq5rbk,Port_40813743_1,SOURCEANDSINK,,,IfcPipeSegment,1YmQEFw6r2CwltcTVryyFh,配管タイプ:00_供給:40813743,配管タイプ:00_供給,Pset_PipeSegmentTypeCommon.InnerDiameter=16.1 | Pset_PipeSegmentTypeCommon.OuterDiameter=21.7,21.7,21.7,ConnectedElement,
1YmQEFw6r2CwltcTVryy9a,011_エルボ:Common:40813856,011_エルボ:Common,エルボ,5FL,O 1,E_O油(往),USERDEFINED,2,1,0XLPX9ITd7rJtUheiFSBO0,Port_40813856_2,Flow,SOURCEANDSINK,PIPE,USERDEFINED,,,,2j_E8xIBbWj$2wal8KwgDt,Port_40813261_0,SOURCEANDSINK,,,IfcPipeSegment,1YmQEFw6r2CwltcTVryyM9,配管タイプ:00_供給:40813261,配管タイプ:00_供給,Pset_PipeSegmentTypeCommon.InnerDiameter=16.1 | Pset_PipeSegmentTypeCommon.OuterDiameter=21.7,21.7,21.7,ConnectedElement,
1YmQEFw6r2CwltcTVryy9a,011_エルボ:Common:40813856,011_エルボ:Common,エルボ,5FL,O 1,E_O油(往),USERDEFINED,2,2,05mSOoNBJnp6ycNilwkWmg,Port_40813856_1,Flow,SOURCEANDSINK,PIPE,USERDEFINED,,,,17MlSlggnQ$ug3ANnFwZh$,Port_40813303_1,SOURCEANDSINK,,,IfcPipeSegment,1YmQEFw6r2CwltcTVryyMp,配管タイプ:00_供給:40813303,配管タイプ:00_供給,Pset_PipeSegmentTypeCommon.InnerDiameter=16.1 | Pset_PipeSegmentTypeCommon.OuterDiameter=21.7,21.7,21.7,ConnectedElement,
1YmQEFw6r2CwltcTVryy89,011_エルボ:Common:40813901,011_エルボ:Common,エルボ,5FL,OR 1,E_OR油(還),USERDEFINED,2,1,00zx_u4wXcDbEv51v$YDf4,Port_40813901_2,Flow,SOURCEANDSINK,PIPE,USERDEFINED,,,,1cXuxJXJZnL4ndiqLuZRiU,Port_40813347_0,SOURCEANDSINK,,,IfcPipeSegment,1YmQEFw6r2CwltcTVryyHd,配管タイプ:00_供給:40813347,配管タイプ:00_供給,Pset_PipeSegmentTypeCommon.InnerDiameter=16.1 | Pset_PipeSegmentTypeCommon.OuterDiameter=21.7,21.7,21.7,ConnectedElement,
1YmQEFw6r2CwltcTVryy89,011_エルボ:Common:40813901,011_エルボ:Common,エルボ,5FL,OR 1,E_OR油(還),USERDEFINED,2,2,3UIQ94ZWi7vdQ9Br8HKfTq,Port_40813901_1,Flow,SOURCEANDSINK,PIPE,USERDEFINED,,,,2$keKD0fkrGWDrB0cGWvl1,Port_40813401_1,SOURCEANDSINK,,,IfcPipeSegment,1YmQEFw6r2CwltcTVryyGT,配管タイプ:00_供給:40813401,配管タイプ:00_供給,Pset_PipeSegmentTypeCommon.InnerDiameter=16.1 | Pset_PipeSegmentTypeCommon.OuterDiameter=21.7,21.7,21.7,ConnectedElement,
1YmQEFw6r2CwltcTVryyBE,011_エルボ:Common:40813962,011_エルボ:Common,エルボ,5FL,OR 1,E_OR油(還),USERDEFINED,2,1,3VLvhayKy0GRFJmHOzl4lw,Port_40813962_1,Flow,SOURCEANDSINK,PIPE,USERDEFINED,,,,0d1f4mBLqnGq$eFyV2zwvX,Port_40813401_0,SOURCEANDSINK,,,IfcPipeSegment,1YmQEFw6r2CwltcTVryyGT,配管タイプ:00_供給:40813401,配管タイプ:00_供給,Pset_PipeSegmentTypeCommon.InnerDiameter=16.1 | Pset_PipeSegmentTypeCommon.OuterDiameter=21.7,21.7,21.7,ConnectedElement,
1YmQEFw6r2CwltcTVryyBE,011_エルボ:Common:40813962,011_エルボ:Common,エルボ,5FL,OR 1,E_OR油(還),USERDEFINED,2,2,38Nzg6aTvggu4GuB9fsDqZ,Port_40813962_2,Flow,SOURCEANDSINK,PIPE,USERDEFINED,,,,2MxX53sGPEK0uVPxLNrJLM,Port_40813943_0,SOURCEANDSINK,,,IfcPipeSegment,1YmQEFw6r2CwltcTVryy8p,配管タイプ:00_供給:40813943,配管タイプ:00_供給,Pset_PipeSegmentTypeCommon.InnerDiameter=16.1 | Pset_PipeSegmentTypeCommon.OuterDiameter=21.7,21.7,21.7,ConnectedElement,
0sIT3JH9X5JfwkUDQ1bP2J,012_エルボ_冷媒管:Common:40828277,012_エルボ_冷媒管:Common,冷媒管エルボ,5FL,R 3,M091_R冷媒2way,HEATING,2,1,0qYM1ylMNWL2CnIdUopD67,Port_40828277_1,Flow,SOURCEANDSINK,PIPE,HEATING,,,,0FY6IdThKJC$x0kjYpqSCL,Port_43400781_0,SOURCEANDSINK,,,IfcPipeSegment,1UvjyJsubCqvxfV7N9tGKo,配管タイプ:00_冷媒:43400781,配管タイプ:00_冷媒,Pset_PipeSegmentTypeCommon.InnerDiameter=20.0 | Pset_PipeSegmentTypeCommon.OuterDiameter=100.0,100.0,100.0,ConnectedElement,
0sIT3JH9X5JfwkUDQ1bP2J,012_エルボ_冷媒管:Common:40828277,012_エルボ_冷媒管:Common,冷媒管エルボ,5FL,R 3,M091_R冷媒2way,HEATING,2,2,1fjlNEmCHs759FW6tjFvVl,Port_40828277_2,Flow,SOURCEANDSINK,PIPE,HEATING,,,,,,,,,,,,,,,,,接続先Portなし | 径候補なし
0sIT3JH9X5JfwkUDQ1bP1_,012_エルボ_冷媒管:Common:40828312,012_エルボ_冷媒管:Common,冷媒管エルボ,5FL,R 1,M091_R冷媒2way,HEATING,2,1,00bkwA0sC6qqiGA2Snh5CO,Port_40828312_1,Flow,SOURCEANDSINK,PIPE,HEATING,,,,2If_2tI4vUr9t252$rdick,Port_43400770_0,SOURCEANDSINK,,,IfcPipeSegment,1UvjyJsubCqvxfV7N9tGKz,配管タイプ:00_冷媒:43400770,配管タイプ:00_冷媒,Pset_PipeSegmentTypeCommon.InnerDiameter=20.0 | Pset_PipeSegmentTypeCommon.OuterDiameter=100.0,100.0,100.0,ConnectedElement,
0sIT3JH9X5JfwkUDQ1bP1_,012_エルボ_冷媒管:Common:40828312,012_エルボ_冷媒管:Common,冷媒管エルボ,5FL,R 1,M091_R冷媒2way,HEATING,2,2,3bF3L3MoQvk5y7NxEM5qra,Port_40828312_2,Flow,SOURCEANDSINK,PIPE,HEATING,,,,,,,,,,,,,,,,,接続先Portなし | 径候補なし
0sIT3JH9X5JfwkUDQ1b6dz,011_エルボ:Common:40829979,011_エルボ:Common,エルボ,1FL,O 2,E_O油(往),USERDEFINED,2,1,0e8RS0g2yaKdMXnioWQWtV,Port_40829979_2,Flow,SOURCEANDSINK,PIPE,USERDEFINED,,,,3W7o1eSqxHmJ0XUg_JaiPp,Port_40829976_1,SOURCEANDSINK,,,IfcPipeSegment,0sIT3JH9X5JfwkUDQ1b6d_,配管タイプ:00_供給:40829976,配管タイプ:00_供給,Pset_PipeSegmentTypeCommon.InnerDiameter=16.1 | Pset_PipeSegmentTypeCommon.OuterDiameter=21.7,21.7,21.7,ConnectedElement,
0sIT3JH9X5JfwkUDQ1b6dz,011_エルボ:Common:40829979,011_エルボ:Common,エルボ,1FL,O 2,E_O油(往),USERDEFINED,2,2,2alyYae$pVjgUo4PeshW2r,Port_40829979_1,Flow,SOURCEANDSINK,PIPE,USERDEFINED,,,,1a3qoeumsidL1aeSItil6O,Port_40830120_0,SOURCEANDSINK,,,IfcPipeSegment,0sIT3JH9X5JfwkUDQ1b6bE,配管タイプ:00_供給:40830120,配管タイプ:00_供給,Pset_PipeSegmentTypeCommon.InnerDiameter=16.1 | Pset_PipeSegmentTypeCommon.OuterDiameter=21.7,21.7,21.7,ConnectedElement,
1$rgajjQrCDg9Lz3xmtOJO,011_エルボ:Common:40899360,011_エルボ:Common,エルボ,5FL,O 2,E_O油(往),USERDEFINED,2,1,3WKkjxzJpYgi2Iwbm0j45u,Port_40899360_2,Flow,SOURCEANDSINK,PIPE,USERDEFINED,,,,2E1m7S46SXWyRh0IvDhvdM,Port_40813666_0,SOURCEANDSINK,,,IfcPipeSegment,1YmQEFw6r2CwltcTVryyCc,配管タイプ:00_供給:40813666,配管タイプ:00_供給,Pset_PipeSegmentTypeCommon.InnerDiameter=16.1 | Pset_PipeSegmentTypeCommon.OuterDiameter=21.7,21.7,21.7,ConnectedElement,
1$rgajjQrCDg9Lz3xmtOJO,011_エルボ:Common:40899360,011_エルボ:Common,エルボ,5FL,O 2,E_O油(往),USERDEFINED,2,2,1R5nxMYLrRsWWehg6o9FWh,Port_40899360_1,Flow,SOURCEANDSINK,PIPE,USERDEFINED,,,,10lL_TD9bjA4newtzZtmGd,Port_40813680_1,SOURCEANDSINK,,,IfcPipeSegment,1YmQEFw6r2CwltcTVryyCq,配管タイプ:00_供給:40813680,配管タイプ:00_供給,Pset_PipeSegmentTypeCommon.InnerDiameter=16.1 | Pset_PipeSegmentTypeCommon.OuterDiameter=21.7,21.7,21.7,ConnectedElement,
1$rgajjQrCDg9Lz3xmtOJH,011_エルボ:Common:40899362,011_エルボ:Common,エルボ,5FL,O 2,E_O油(往),USERDEFINED,2,1,3utczuoIRnmgAWjGamFla1,Port_40899362_1,Flow,SOURCEANDSINK,PIPE,USERDEFINED,,,,0_C_a1$qxe8w$EwDqhjjuS,Port_40813666_1,SOURCEANDSINK,,,IfcPipeSegment,1YmQEFw6r2CwltcTVryyCc,配管タイプ:00_供給:40813666,配管タイプ:00_供給,Pset_PipeSegmentTypeCommon.InnerDiameter=16.1 | Pset_PipeSegmentTypeCommon.OuterDiameter=21.7,21.7,21.7,ConnectedElement,
1$rgajjQrCDg9Lz3xmtOJH,011_エルボ:Common:40899362,011_エルボ:Common,エルボ,5FL,O 2,E_O油(往),USERDEFINED,2,2,0Bqf8Si_MzB$F6jw6FUJ7o,Port_40899362_2,Flow,SOURCEANDSINK,PIPE,USERDEFINED,,,,2y8Dm_JPp91fWuD2j8tTPs,Port_40813805_0,SOURCEANDSINK,,,IfcPipeSegment,1YmQEFw6r2CwltcTVryyEf,配管タイプ:00_供給:40813805,配管タイプ:00_供給,Pset_PipeSegmentTypeCommon.InnerDiameter=16.1 | Pset_PipeSegmentTypeCommon.OuterDiameter=21.7,21.7,21.7,ConnectedElement,
1$rgajjQrCDg9Lz3xmtOJJ,011_エルボ:Common:40899364,011_エルボ:Common,エルボ,5FL,O 2,E_O油(往),USERDEFINED,2,1,1ukJZ90upuPoqspDtWuHgy,Port_40899364_1,Flow,SOURCEANDSINK,PIPE,USERDEFINED,,,,3d5NEJe4YMi2lgAV7odHdk,Port_40813743_0,SOURCEANDSINK,,,IfcPipeSegment,1YmQEFw6r2CwltcTVryyFh,配管タイプ:00_供給:40813743,配管タイプ:00_供給,Pset_PipeSegmentTypeCommon.InnerDiameter=16.1 | Pset_PipeSegmentTypeCommon.OuterDiameter=21.7,21.7,21.7,ConnectedElement,
1$rgajjQrCDg9Lz3xmtOJJ,011_エルボ:Common:40899364,011_エルボ:Common,エルボ,5FL,O 2,E_O油(往),USERDEFINED,2,2,07M2W49xTBUt6PM9psD8MU,Port_40899364_2,Flow,SOURCEANDSINK,PIPE,USERDEFINED,,,,2YsBspuJtHJAnc4w20FPnq,Port_40813805_1,SOURCEANDSINK,,,IfcPipeSegment,1YmQEFw6r2CwltcTVryyEf,配管タイプ:00_供給:40813805,配管タイプ:00_供給,Pset_PipeSegmentTypeCommon.InnerDiameter=16.1 | Pset_PipeSegmentTypeCommon.OuterDiameter=21.7,21.7,21.7,ConnectedElement,
1$rgajjQrCDg9Lz3xmtOKm,011_エルボ:Common:40899366,011_エルボ:Common,エルボ,5FL,OR 1,E_OR油(還),USERDEFINED,2,1,2e5b0Wp$NRzMzQQ2RZEq3T,Port_40899366_2,Flow,SOURCEANDSINK,PIPE,USERDEFINED,,,,0ruz4jBlV0xYkdFjBVNuq1,Port_40813339_0,SOURCEANDSINK,,,IfcPipeSegment,1YmQEFw6r2CwltcTVryyHV,配管タイプ:00_供給:40813339,配管タイプ:00_供給,Pset_PipeSegmentTypeCommon.InnerDiameter=16.1 | Pset_PipeSegmentTypeCommon.OuterDiameter=21.7,21.7,21.7,ConnectedElement,
1$rgajjQrCDg9Lz3xmtOKm,011_エルボ:Common:40899366,011_エルボ:Common,エルボ,5FL,OR 1,E_OR油(還),USERDEFINED,2,2,16zsNSOPC5Q9iifp5JJSaX,Port_40899366_1,Flow,SOURCEANDSINK,PIPE,USERDEFINED,,,,1M3pyeuDruA_YaekNiWNaD,Port_40813943_1,SOURCEANDSINK,,,IfcPipeSegment,1YmQEFw6r2CwltcTVryy8p,配管タイプ:00_供給:40813943,配管タイプ:00_供給,Pset_PipeSegmentTypeCommon.InnerDiameter=16.1 | Pset_PipeSegmentTypeCommon.OuterDiameter=21.7,21.7,21.7,ConnectedElement,
1$rgajjQrCDg9Lz3xmtOKH,011_エルボ:Common:40899368,011_エルボ:Common,エルボ,5FL,O 1,E_O油(往),USERDEFINED,2,1,1ECLUsYF6XS3BlGr6vspVo,Port_40899368_1,Flow,SOURCEANDSINK,PIPE,USERDEFINED,,,,2x9QHJUIcr_J6paJotipah,Port_40813245_1,SOURCEANDSINK,,,IfcPipeSegment,1YmQEFw6r2CwltcTVryyNv,配管タイプ:00_供給:40813245,配管タイプ:00_供給,Pset_PipeSegmentTypeCommon.InnerDiameter=16.1 | Pset_PipeSegmentTypeCommon.OuterDiameter=21.7,21.7,21.7,ConnectedElement,
1$rgajjQrCDg9Lz3xmtOKH,011_エルボ:Common:40899368,011_エルボ:Common,エルボ,5FL,O 1,E_O油(往),USERDEFINED,2,2,3nOCndd0pyLTS3NDN4ib1r,Port_40899368_2,Flow,SOURCEANDSINK,PIPE,USERDEFINED,,,,0RmOTCzVlgtz4yJKUytK5R,Port_40813253_0,SOURCEANDSINK,,,IfcPipeSegment,1YmQEFw6r2CwltcTVryyM1,配管タイプ:00_供給:40813253,配管タイプ:00_供給,Pset_PipeSegmentTypeCommon.InnerDiameter=16.1 | Pset_PipeSegmentTypeCommon.OuterDiameter=21.7,21.7,21.7,ConnectedElement,
1$rgajjQrCDg9Lz3xmtOKJ,011_エルボ:Common:40899370,011_エルボ:Common,エルボ,5FL,O 1,E_O油(往),USERDEFINED,2,1,3LBma_NeeRuW1fDHnAyOEN,Port_40899370_2,Flow,SOURCEANDSINK,PIPE,USERDEFINED,,,,0FFtS7hwb47EwdnMvQ$KA7,Port_40813253_1,SOURCEANDSINK,,,IfcPipeSegment,1YmQEFw6r2CwltcTVryyM1,配管タイプ:00_供給:40813253,配管タイプ:00_供給,Pset_PipeSegmentTypeCommon.InnerDiameter=16.1 | Pset_PipeSegmentTypeCommon.OuterDiameter=21.7,21.7,21.7,ConnectedElement,
1$rgajjQrCDg9Lz3xmtOKJ,011_エルボ:Common:40899370,011_エルボ:Common,エルボ,5FL,O 1,E_O油(往),USERDEFINED,2,2,2E1a759jfWB09UyKygwWvy,Port_40899370_1,Flow,SOURCEANDSINK,PIPE,USERDEFINED,,,,3lSKd$fhescBYbVjUu7mqb,Port_40813303_0,SOURCEANDSINK,,,IfcPipeSegment,1YmQEFw6r2CwltcTVryyMp,配管タイプ:00_供給:40813303,配管タイプ:00_供給,Pset_PipeSegmentTypeCommon.InnerDiameter=16.1 | Pset_PipeSegmentTypeCommon.OuterDiameter=21.7,21.7,21.7,ConnectedElement,
1$rgajjQrCDg9Lz3xmtOLl,011_エルボ:Common:40899372,011_エルボ:Common,エルボ,5FL,OR 1,E_OR油(還),USERDEFINED,2,1,2nHqsOzg$_aCCQ98CUQFRx,Port_40899372_1,Flow,SOURCEANDSINK,PIPE,USERDEFINED,,,,16XPmOnyk$849L_LYYs9UQ,Port_40813333_0,SOURCEANDSINK,,,IfcPipeSegment,1YmQEFw6r2CwltcTVryyHH,配管タイプ:00_供給:40813333,配管タイプ:00_供給,Pset_PipeSegmentTypeCommon.InnerDiameter=16.1 | Pset_PipeSegmentTypeCommon.OuterDiameter=21.7,21.7,21.7,ConnectedElement,
1$rgajjQrCDg9Lz3xmtOLl,011_エルボ:Common:40899372,011_エルボ:Common,エルボ,5FL,OR 1,E_OR油(還),USERDEFINED,2,2,2gcasJEX6sVCu5QsyCFwwI,Port_40899372_2,Flow,SOURCEANDSINK,PIPE,USERDEFINED,,,,22ScTJ1QoEuejkvwXt9lth,Port_40813339_1,SOURCEANDSINK,,,IfcPipeSegment,1YmQEFw6r2CwltcTVryyHV,配管タイプ:00_供給:40813339,配管タイプ:00_供給,Pset_PipeSegmentTypeCommon.InnerDiameter=16.1 | Pset_PipeSegmentTypeCommon.OuterDiameter=21.7,21.7,21.7,ConnectedElement,
1$rgajjQrCDg9Lz3xmtOLf,011_エルボ:Common:40899374,011_エルボ:Common,エルボ,5FL,OR 1,E_OR油(還),USERDEFINED,2,1,2dBvxx6R8GCLNlC5Aak$4D,Port_40899374_1,Flow,SOURCEANDSINK,PIPE,USERDEFINED,,,,0nlPDekswYxFU7PliwxKUC,Port_40813021_0,SOURCEANDSINK,,,IfcPipeSegment,1YmQEFw6r2CwltcTVryyQP,配管タイプ:00_供給:40813021,配管タイプ:00_供給,Pset_PipeSegmentTypeCommon.InnerDiameter=16.1 | Pset_PipeSegmentTypeCommon.OuterDiameter=21.7,21.7,21.7,ConnectedElement,
1$rgajjQrCDg9Lz3xmtOLf,011_エルボ:Common:40899374,011_エルボ:Common,エルボ,5FL,OR 1,E_OR油(還),USERDEFINED,2,2,3QBqf$qQRqFTSPjdsBmYed,Port_40899374_2,Flow,SOURCEANDSINK,PIPE,USERDEFINED,,,,0FTctY16Va4RJCNK9oJh3D,Port_40813333_1,SOURCEANDSINK,,,IfcPipeSegment,1YmQEFw6r2CwltcTVryyHH,配管タイプ:00_供給:40813333,配管タイプ:00_供給,Pset_PipeSegmentTypeCommon.InnerDiameter=16.1 | Pset_PipeSegmentTypeCommon.OuterDiameter=21.7,21.7,21.7,ConnectedElement,
1$rgajjQrCDg9Lz3xmtP5a,011_エルボ:Common:40900937,011_エルボ:Common,エルボ,5FL,O 2,E_O油(往),USERDEFINED,2,1,0rPTw$GnOHSQGL9z54zVey,Port_40900937_1,Flow,SOURCEANDSINK,PIPE,USERDEFINED,,,,3AGriXYZSJQ$zXZsqoDi91,Port_40812320_1,SOURCEANDSINK,,,IfcPipeSegment,1YmQEFw6r2CwltcTVryxXa,配管タイプ:00_供給:40812320,配管タイプ:00_供給,Pset_PipeSegmentTypeCommon.InnerDiameter=16.1 | Pset_PipeSegmentTypeCommon.OuterDiameter=21.7,21.7,21.7,ConnectedElement,
1$rgajjQrCDg9Lz3xmtP5a,011_エルボ:Common:40900937,011_エルボ:Common,エルボ,5FL,O 2,E_O油(往),USERDEFINED,2,2,1d8hWcbgtWNgVadLifaS$T,Port_40900937_2,Flow,SOURCEANDSINK,PIPE,USERDEFINED,,,,3RaxtMjMIE9ikiPjGI6jBE,Port_40830120_1,SOURCEANDSINK,,,IfcPipeSegment,0sIT3JH9X5JfwkUDQ1b6bE,配管タイプ:00_供給:40830120,配管タイプ:00_供給,Pset_PipeSegmentTypeCommon.InnerDiameter=16.1 | Pset_PipeSegmentTypeCommon.OuterDiameter=21.7,21.7,21.7,ConnectedElement,
1$rgajjQrCDg9Lz3xmtP5C,011_エルボ:Common:40900961,011_エルボ:Common,エルボ,1FL,CH 3,M031_CH冷温水(往),HEATING,2,1,1QxFdbsPYdCULwY4ENI2IJ,Port_40900961_1,Flow,SOURCEANDSINK,PIPE,HEATING,,,,34BqvwQOtP4ZpcLN0vNZKy,Port_40689797_0,SOURCEANDSINK,,,IfcPipeSegment,2$VmGHsp16yBfz_qEe9DR4,配管タイプ:00_供給:40689797,配管タイプ:00_供給,Pset_PipeSegmentTypeCommon.InnerDiameter=52.900000000000006 | Pset_PipeSegmentTypeCommon.OuterDiameter=60.5,60.5,60.5,ConnectedElement,
1$rgajjQrCDg9Lz3xmtP5C,011_エルボ:Common:40900961,011_エルボ:Common,エルボ,1FL,CH 3,M031_CH冷温水(往),HEATING,2,2,2tapUgxDFXRtYVmD6MK4v4,Port_40900961_2,Flow,SOURCEANDSINK,PIPE,HEATING,,,,,,,,,,,,,,,,,接続先Portなし | 径候補なし
1$rgajjQrCDg9Lz3xmtP58,011_エルボ:Common:40900965,011_エルボ:Common,エルボ,1FL,CHR 2,M032_CHR冷温水(還),HEATING,2,1,1IPc$$A7iKy8CV8VKJ$k09,Port_40900965_1,Flow,SOURCEANDSINK,PIPE,HEATING,,,,3PndLIGYhwlVbn_jLTItcI,Port_40689839_0,SOURCEANDSINK,,,IfcPipeSegment,2$VmGHsp16yBfz_qEe9DRk,配管タイプ:00_供給:40689839,配管タイプ:00_供給,Pset_PipeSegmentTypeCommon.InnerDiameter=52.900000000000006 | Pset_PipeSegmentTypeCommon.OuterDiameter=60.5,60.5,60.5,ConnectedElement,
1$rgajjQrCDg9Lz3xmtP58,011_エルボ:Common:40900965,011_エルボ:Common,エルボ,1FL,CHR 2,M032_CHR冷温水(還),HEATING,2,2,2Xljm6xgEvhqFZZ5xxgVM_,Port_40900965_2,Flow,SOURCEANDSINK,PIPE,HEATING,,,,,,,,,,,,,,,,,接続先Portなし | 径候補なし
1$rgajjQrCDg9Lz3xmtPAh,012_エルボ_冷媒管:Common:40901254,012_エルボ_冷媒管:Common,冷媒管エルボ,5FL,R 2,M091_R冷媒2way,HEATING,2,1,3mPHEE_ezKOPiZY8cso$vU,Port_40901254_1,Flow,SOURCEANDSINK,PIPE,NOTDEFINED,,,,0n2e4vdCP2odrPLsBgVKhK,Port_40789108_0,SOURCEANDSINK,,,IfcPipeSegment,1Xr6N_BwzCmBJNBoxXVfWG,配管タイプ:00_冷媒:40789108,配管タイプ:00_冷媒,Pset_PipeSegmentTypeCommon.InnerDiameter=20.0 | Pset_PipeSegmentTypeCommon.OuterDiameter=100.0,100.0,100.0,ConnectedElement,
1$rgajjQrCDg9Lz3xmtPAh,012_エルボ_冷媒管:Common:40901254,012_エルボ_冷媒管:Common,冷媒管エルボ,5FL,R 2,M091_R冷媒2way,HEATING,2,2,0PFkqh_OeI3qqEyptUuLgW,Port_40901254_2,Flow,SOURCEANDSINK,PIPE,NOTDEFINED,,,,,,,,,,,,,,,,,接続先Portなし | 径候補なし
1$rgajjQrCDg9Lz3xmtPA2,012_エルボ_冷媒管:Common:40901295,012_エルボ_冷媒管:Common,冷媒管エルボ,5FL,R 4,M091_R冷媒2way,HEATING,2,1,1HEMohfNXC_b2h_ZPixRar,Port_40901295_1,Flow,SOURCEANDSINK,PIPE,HEATING,,,,3$rT$XiGsjfbDJjqu6uaUn,Port_43400805_0,SOURCEANDSINK,,,IfcPipeSegment,1UvjyJsubCqvxfV7N9tGKQ,配管タイプ:00_冷媒:43400805,配管タイプ:00_冷媒,Pset_PipeSegmentTypeCommon.InnerDiameter=20.0 | Pset_PipeSegmentTypeCommon.OuterDiameter=100.0,100.0,100.0,ConnectedElement,
1$rgajjQrCDg9Lz3xmtPA2,012_エルボ_冷媒管:Common:40901295,012_エルボ_冷媒管:Common,冷媒管エルボ,5FL,R 4,M091_R冷媒2way,HEATING,2,2,1q8qSNjxywWL74awlUAutH,Port_40901295_2,Flow,SOURCEANDSINK,PIPE,HEATING,,,,,,,,,,,,,,,,,接続先Portなし | 径候補なし
1$rgajjQrCDg9Lz3xmtPNt,021_径違いＴ型:Common:40902106,021_径違いＴ型:Common,径違いT型,4FL,－ 11,M112_W加湿給水,DOMESTICCOLDWATER,3,1,0U6iBLN5ijkOZHzo538A7k,Port_40902106_1,Flow,SOURCEANDSINK,PIPE,DOMESTICCOLDWATER,,,,3i4iTbBQl_sR40H2xj9zWR,Port_40899380_1,SOURCEANDSINK,,,IfcPipeSegment,1$rgajjQrCDg9Lz3xmtPcM,配管タイプ:00_供給:40899380,配管タイプ:00_供給,Pset_PipeSegmentTypeCommon.InnerDiameter=35.7 | Pset_PipeSegmentTypeCommon.OuterDiameter=42.7,42.7,42.7,ConnectedElement,
1$rgajjQrCDg9Lz3xmtPNt,021_径違いＴ型:Common:40902106,021_径違いＴ型:Common,径違いT型,4FL,－ 11,M112_W加湿給水,DOMESTICCOLDWATER,3,2,1MIFd3BLXkXaVb76n3ko16,OutPort_40902106_2,Flow,SOURCE,PIPE,DOMESTICCOLDWATER,,,,2HlFqApWyBYe$VqlaV_eiU,InPort_40902263_0,SINK,,,IfcPipeSegment,1$rgajjQrCDg9Lz3xmtPPQ,配管タイプ:00_供給:40902263,配管タイプ:00_供給,Pset_PipeSegmentTypeCommon.InnerDiameter=35.7 | Pset_PipeSegmentTypeCommon.OuterDiameter=42.7,42.7,42.7,ConnectedElement,
1$rgajjQrCDg9Lz3xmtPNt,021_径違いＴ型:Common:40902106,021_径違いＴ型:Common,径違いT型,4FL,－ 11,M112_W加湿給水,DOMESTICCOLDWATER,3,3,3fW2HBt08MnVpWpWtdBbvx,Port_40902106_3,Flow,SOURCEANDSINK,PIPE,DOMESTICCOLDWATER,,,,2HhdItSzdo1XEZxIcUrl$x,Port_41573751_0,SOURCEANDSINK,,,IfcPipeSegment,0eLM4vM5jAygjA1FFPEdi9,配管タイプ:00_供給:41573751,配管タイプ:00_供給,Pset_PipeSegmentTypeCommon.InnerDiameter=21.6 | Pset_PipeSegmentTypeCommon.OuterDiameter=27.2,27.2,27.2,ConnectedElement,
1$rgajjQrCDg9Lz3xmtPQy,071_キャップ:Common:40902289,071_キャップ:Common,キャップ,4FL,－ 11,M112_W加湿給水,DOMESTICCOLDWATER,1,1,0YUXArsjcT7lwGtu7k1Paa,InPort_40902289_1,Flow,SINK,PIPE,DOMESTICCOLDWATER,,,,2lF5RAt9Mymk32yJKUsZaN,OutPort_40902263_1,SOURCE,,,IfcPipeSegment,1$rgajjQrCDg9Lz3xmtPPQ,配管タイプ:00_供給:40902263,配管タイプ:00_供給,Pset_PipeSegmentTypeCommon.InnerDiameter=35.7 | Pset_PipeSegmentTypeCommon.OuterDiameter=42.7,42.7,42.7,ConnectedElement,
1$rgajjQrCDg9Lz3xmtQS9,011_エルボ:Common:40906532,011_エルボ:Common,エルボ,5FL,O 2,E_O油(往),USERDEFINED,2,1,3mzryDl5oUbsJngKHSHWx6,Port_40906532_2,Flow,SOURCEANDSINK,PIPE,USERDEFINED,,,,1ar8FnGL30PeK2QcT7T$Ni,Port_40906488_1,SOURCEANDSINK,,,IfcPipeSegment,1$rgajjQrCDg9Lz3xmtQRL,配管タイプ:00_供給:40906488,配管タイプ:00_供給,Pset_PipeSegmentTypeCommon.InnerDiameter=16.1 | Pset_PipeSegmentTypeCommon.OuterDiameter=21.7,21.7,21.7,ConnectedElement,
1$rgajjQrCDg9Lz3xmtQS9,011_エルボ:Common:40906532,011_エルボ:Common,エルボ,5FL,O 2,E_O油(往),USERDEFINED,2,2,1Rl3qoz0f_0AHzEPUwAXY_,Port_40906532_1,Flow,SOURCEANDSINK,PIPE,USERDEFINED,,,,37xVqFFuf7QVrs$e1jSkpj,Port_40906523_0,SOURCEANDSINK,,,IfcPipeSegment,1$rgajjQrCDg9Lz3xmtQSs,配管タイプ:00_供給:40906523,配管タイプ:00_供給,Pset_PipeSegmentTypeCommon.InnerDiameter=16.1 | Pset_PipeSegmentTypeCommon.OuterDiameter=21.7,21.7,21.7,ConnectedElement,
1$rgajjQrCDg9Lz3xmtQS1,011_エルボ:Common:40906540,011_エルボ:Common,エルボ,5FL,O 2,E_O油(往),USERDEFINED,2,1,0m$j1gyKjTeOlJEF6Mh6zO,Port_40906540_2,Flow,SOURCEANDSINK,PIPE,USERDEFINED,,,,0KZ3Qp2VMNEGXgVXpRN55U,Port_40812740_0,SOURCEANDSINK,,,IfcPipeSegment,1YmQEFw6r2CwltcTVryyU0,配管タイプ:00_供給:40812740,配管タイプ:00_供給,Pset_PipeSegmentTypeCommon.InnerDiameter=16.1 | Pset_PipeSegmentTypeCommon.OuterDiameter=21.7,21.7,21.7,ConnectedElement,
1$rgajjQrCDg9Lz3xmtQS1,011_エルボ:Common:40906540,011_エルボ:Common,エルボ,5FL,O 2,E_O油(往),USERDEFINED,2,2,2QnHh9mpi3eDSPjJOoXEHy,Port_40906540_1,Flow,SOURCEANDSINK,PIPE,USERDEFINED,,,,3akOf41adN3HWveGQX4nBZ,Port_40906523_1,SOURCEANDSINK,,,IfcPipeSegment,1$rgajjQrCDg9Lz3xmtQSs,配管タイプ:00_供給:40906523,配管タイプ:00_供給,Pset_PipeSegmentTypeCommon.InnerDiameter=16.1 | Pset_PipeSegmentTypeCommon.OuterDiameter=21.7,21.7,21.7,ConnectedElement,
1$rgajjQrCDg9Lz3xmtQS3,011_エルボ:Common:40906542,011_エルボ:Common,エルボ,5FL,O 2,E_O油(往),USERDEFINED,2,1,1x0hO8fwJ4q_91EO1RMviT,Port_40906542_2,Flow,SOURCEANDSINK,PIPE,USERDEFINED,,,,0Ot_nEbs4To41Nw11tSqSy,Port_40812740_1,SOURCEANDSINK,,,IfcPipeSegment,1YmQEFw6r2CwltcTVryyU0,配管タイプ:00_供給:40812740,配管タイプ:00_供給,Pset_PipeSegmentTypeCommon.InnerDiameter=16.1 | Pset_PipeSegmentTypeCommon.OuterDiameter=21.7,21.7,21.7,ConnectedElement,
1$rgajjQrCDg9Lz3xmtQS3,011_エルボ:Common:40906542,011_エルボ:Common,エルボ,5FL,O 2,E_O油(往),USERDEFINED,2,2,0MTM_7Y5gf_EM7klgRazVW,Port_40906542_1,Flow,SOURCEANDSINK,PIPE,USERDEFINED,,,,2iIs7WDor1TGT9nOikHUaB,Port_40813680_0,SOURCEANDSINK,,,IfcPipeSegment,1YmQEFw6r2CwltcTVryyCq,配管タイプ:00_供給:40813680,配管タイプ:00_供給,Pset_PipeSegmentTypeCommon.InnerDiameter=16.1 | Pset_PipeSegmentTypeCommon.OuterDiameter=21.7,21.7,21.7,ConnectedElement,
2lIqKSD6992hLpETaqt1rf,011_エルボ:Common:41450367,011_エルボ:Common,エルボ,PIT,) 1,P021_D汚水,SEWAGE,2,1,1g1QwiQ$3EhvuCUTpMAiFB,OutPort_41450367_1,Flow,SOURCE,PIPE,SEWAGE,,,,3vQb3r2z9CYTe7CNLbiu5F,InPort_41592286_1,SINK,,,IfcPipeSegment,0cvR1_ETfB2e064iFLIatt,配管タイプ:00_排水:41592286,配管タイプ:00_排水,Pset_PipeSegmentTypeCommon.InnerDiameter=105.3 | Pset_PipeSegmentTypeCommon.OuterDiameter=114.30000000000001,114.30000000000001,114.30000000000001,ConnectedElement,
2lIqKSD6992hLpETaqt1rf,011_エルボ:Common:41450367,011_エルボ:Common,エルボ,PIT,) 1,P021_D汚水,SEWAGE,2,2,0iVeU$QjujbLgmsgLlUYBT,InPort_41450367_2,Flow,SINK,PIPE,SEWAGE,,,,,,,,,,,,,,,,,接続先Portなし | 径候補なし
2lIqKSD6992hLpETaqt1i6,011_エルボ:Common:41450768,011_エルボ:Common,エルボ,PIT,P022_D雑排水 1,P022_D雑排水,SEWAGE,2,1,1oUeHT$eZUw5mmT5zUBFwa,InPort_41450768_1,Flow,SINK,PIPE,SEWAGE,,,,2H4ovWzS0HFfyzORWM7Z9C,OutPort_41593450_1,SOURCE,,,IfcPipeSegment,0cvR1_ETfB2e064iFLIa93,配管タイプ:00_排水:41593450,配管タイプ:00_排水,Pset_PipeSegmentTypeCommon.InnerDiameter=67.9 | Pset_PipeSegmentTypeCommon.OuterDiameter=76.3,76.3,76.3,ConnectedElement,
2lIqKSD6992hLpETaqt1i6,011_エルボ:Common:41450768,011_エルボ:Common,エルボ,PIT,P022_D雑排水 1,P022_D雑排水,SEWAGE,2,2,2v5e8$ZKAzkt02VdwTuQvC,OutPort_41450768_2,Flow,SOURCE,PIPE,SEWAGE,,,,,,,,,,,,,,,,,接続先Portなし | 径候補なし
2lIqKSD6992hLpETaqt1ZB,021_径違いＴ型:Common:41451229,021_径違いＴ型:Common,径違いT型,1FL,P031_V通気 2,P031_V通気,VENT,3,1,3cnpe9JDbbcEUuOTa_xHej,Port_41451229_1,Flow,SOURCEANDSINK,PIPE,VENT,,,,2bFOsaxV7qjN_JEpD8Cwad,Port_41451230_1,SOURCEANDSINK,,,IfcPipeSegment,2lIqKSD6992hLpETaqt1Z8,配管タイプ:00_排水:41451230,配管タイプ:00_排水,Pset_PipeSegmentTypeCommon.InnerDiameter=67.9 | Pset_PipeSegmentTypeCommon.OuterDiameter=76.3,76.3,76.3,ConnectedElement,
2lIqKSD6992hLpETaqt1ZB,021_径違いＴ型:Common:41451229,021_径違いＴ型:Common,径違いT型,1FL,P031_V通気 2,P031_V通気,VENT,3,2,2FTZX$UbXZOPQXDKe74aJP,Port_41451229_2,Flow,SOURCEANDSINK,PIPE,VENT,,,,02gP38dATFj5i_MP5gUcb2,Port_41480699_0,SOURCEANDSINK,,,IfcPipeSegment,2WDT0QapDCK8TwSXcPA_Bw,配管タイプ:00_排水:41480699,配管タイプ:00_排水,Pset_PipeSegmentTypeCommon.InnerDiameter=67.9 | Pset_PipeSegmentTypeCommon.OuterDiameter=76.3,76.3,76.3,ConnectedElement,
2lIqKSD6992hLpETaqt1ZB,021_径違いＴ型:Common:41451229,021_径違いＴ型:Common,径違いT型,1FL,P031_V通気 2,P031_V通気,VENT,3,3,3dVneT4ESJuUGIb498HesE,Port_41451229_3,Flow,SOURCEANDSINK,PIPE,VENT,,,,,,,,,,,,,,,,,接続先Portなし | 径候補なし
2lIqKSD6992hLpETaqt1de,021_径違いＴ型:Common:41451518,021_径違いＴ型:Common,径違いT型,1FL,P031_V通気 2,P031_V通気,VENT,3,1,37SetlQ76$IA6G3v6A6dWc,Port_41451518_1,Flow,SOURCEANDSINK,PIPE,VENT,,,,1fhjd5x3$aan61fiLzti0L,Port_41451519_1,SOURCEANDSINK,,,IfcPipeSegment,2lIqKSD6992hLpETaqt1df,配管タイプ:00_排水:41451519,配管タイプ:00_排水,Pset_PipeSegmentTypeCommon.InnerDiameter=52.900000000000006 | Pset_PipeSegmentTypeCommon.OuterDiameter=60.5,60.5,60.5,ConnectedElement,
2lIqKSD6992hLpETaqt1de,021_径違いＴ型:Common:41451518,021_径違いＴ型:Common,径違いT型,1FL,P031_V通気 2,P031_V通気,VENT,3,2,1Fkv$qD6RpIXfub$9IijtW,Port_41451518_2,Flow,SOURCEANDSINK,PIPE,VENT,,,,2n__g295$d4aM2TvEUpMd_,Port_41480972_0,SOURCEANDSINK,,,IfcPipeSegment,2WDT0QapDCK8TwSXcPA_0D,配管タイプ:00_排水:41480972,配管タイプ:00_排水,Pset_PipeSegmentTypeCommon.InnerDiameter=52.900000000000006 | Pset_PipeSegmentTypeCommon.OuterDiameter=60.5,60.5,60.5,ConnectedElement,
2lIqKSD6992hLpETaqt1de,021_径違いＴ型:Common:41451518,021_径違いＴ型:Common,径違いT型,1FL,P031_V通気 2,P031_V通気,VENT,3,3,1MX2MCynVAMLE_3ptjs8FB,Port_41451518_3,Flow,SOURCEANDSINK,PIPE,VENT,,,,,,,,,,,,,,,,,接続先Portなし | 径候補なし
26AhlNQKnFbPLALnqrFsjc,021_径違い90° 大曲がり Y:Common:41458071,021_径違い90° 大曲がり Y:Common,径違い90°大曲がりY,1FL,D 24,M121_Dドレン,SEWAGE,3,1,2JknvDE2jOm6CJY0E8I3_A,Port_41458071_3,Flow,SOURCEANDSINK,PIPE,SEWAGE,,,,3MnBR7uiarTgp_2ljYA8tA,Port_41458069_0,SOURCEANDSINK,,,IfcPipeSegment,26AhlNQKnFbPLALnqrFsja,配管タイプ:00_排水:41458069,配管タイプ:00_排水,Pset_PipeSegmentTypeCommon.InnerDiameter=52.900000000000006 | Pset_PipeSegmentTypeCommon.OuterDiameter=60.5,60.5,60.5,ConnectedElement,
26AhlNQKnFbPLALnqrFsjc,021_径違い90° 大曲がり Y:Common:41458071,021_径違い90° 大曲がり Y:Common,径違い90°大曲がりY,1FL,D 24,M121_Dドレン,SEWAGE,3,2,0t8rYtej5ho6uhEIafzTyk,Port_41458071_1,Flow,SOURCEANDSINK,PIPE,SEWAGE,,,,3QEYN0WLJ$2DulAONR9gAK,Port_41458072_1,SOURCEANDSINK,,,IfcPipeSegment,26AhlNQKnFbPLALnqrFsjf,配管タイプ:00_排水:41458072,配管タイプ:00_排水,Pset_PipeSegmentTypeCommon.InnerDiameter=67.9 | Pset_PipeSegmentTypeCommon.OuterDiameter=76.3,76.3,76.3,ConnectedElement,
26AhlNQKnFbPLALnqrFsjc,021_径違い90° 大曲がり Y:Common:41458071,021_径違い90° 大曲がり Y:Common,径違い90°大曲がりY,1FL,D 24,M121_Dドレン,SEWAGE,3,3,2CpdsP5qglUiYWumpnnKGP,InPort_41458071_2,Flow,SINK,PIPE,SEWAGE,,,,0KhSzqGFVoMqksEdqmV_t4,OutPort_41458129_1,SOURCE,,,IfcPipeFitting,26AhlNQKnFbPLALnqrFsiW,071_掃除口:Common:41458129,071_掃除口:Common,,,,,径候補なし
26AhlNQKnFbPLALnqrFsjg,011_エルボ:Common:41458075,011_エルボ:Common,エルボ,1FL,D 24,M121_Dドレン,SEWAGE,2,1,0O_PRUPQBQOhWFlDR1dPD$,Port_41458075_2,Flow,SOURCEANDSINK,PIPE,SEWAGE,,,,1RQziohbgqkrI1bklPTDzw,Port_41449930_0,SOURCEANDSINK,,,IfcPipeSegment,2lIqKSD6992hLpETaqt1$S,配管タイプ:00_排水:41449930,配管タイプ:00_排水,Pset_PipeSegmentTypeCommon.InnerDiameter=52.900000000000006 | Pset_PipeSegmentTypeCommon.OuterDiameter=60.5,60.5,60.5,ConnectedElement,
26AhlNQKnFbPLALnqrFsjg,011_エルボ:Common:41458075,011_エルボ:Common,エルボ,1FL,D 24,M121_Dドレン,SEWAGE,2,2,1yuWYOFcCDBZLyFSbGcm7P,Port_41458075_1,Flow,SOURCEANDSINK,PIPE,SEWAGE,,,,12iD0HgMlBGUFHg9xZQlO9,Port_41458069_1,SOURCEANDSINK,,,IfcPipeSegment,26AhlNQKnFbPLALnqrFsja,配管タイプ:00_排水:41458069,配管タイプ:00_排水,Pset_PipeSegmentTypeCommon.InnerDiameter=52.900000000000006 | Pset_PipeSegmentTypeCommon.OuterDiameter=60.5,60.5,60.5,ConnectedElement,
26AhlNQKnFbPLALnqrFsjk,011_エルボ:Common:41458079,011_エルボ:Common,エルボ,4FL,D 24,M121_Dドレン,SEWAGE,2,1,0x8E7_q3aM8nUUCnBt55Wl,Port_41458079_2,Flow,SOURCEANDSINK,PIPE,SEWAGE,,,,0LTdptUne7Y4KaOTD8rJz8,Port_41449930_1,SOURCEANDSINK,,,IfcPipeSegment,2lIqKSD6992hLpETaqt1$S,配管タイプ:00_排水:41449930,配管タイプ:00_排水,Pset_PipeSegmentTypeCommon.InnerDiameter=52.900000000000006 | Pset_PipeSegmentTypeCommon.OuterDiameter=60.5,60.5,60.5,ConnectedElement,
26AhlNQKnFbPLALnqrFsjk,011_エルボ:Common:41458079,011_エルボ:Common,エルボ,4FL,D 24,M121_Dドレン,SEWAGE,2,2,0NvOfWjdQuMiewlY4KBJn7,Port_41458079_1,Flow,SOURCEANDSINK,PIPE,SEWAGE,,,,1MxNxaSaMrW8MJgLi09qTs,Port_41988484_0,SOURCEANDSINK,,,IfcPipeSegment,0pe1NtE2jC$QiRfpnhK8bp,配管タイプ:00_排水:41988484,配管タイプ:00_排水,Pset_PipeSegmentTypeCommon.InnerDiameter=52.900000000000006 | Pset_PipeSegmentTypeCommon.OuterDiameter=60.5,60.5,60.5,ConnectedElement,
26AhlNQKnFbPLALnqrFsiW,071_掃除口:Common:41458129,071_掃除口:Common,掃除口,1FL,D 24,M121_Dドレン,SEWAGE,1,1,0KhSzqGFVoMqksEdqmV_t4,OutPort_41458129_1,Flow,SOURCE,PIPE,SEWAGE,,,,2CpdsP5qglUiYWumpnnKGP,InPort_41458071_2,SINK,,,IfcPipeFitting,26AhlNQKnFbPLALnqrFsjc,021_径違い90° 大曲がり Y:Common:41458071,021_径違い90° 大曲がり Y:Common,,,,,径候補なし
2ya0mA1vr8Nx6iYTzE8Wva,021_径違いＴ型:Common:41463868,021_径違いＴ型:Common,径違いT型,2FL,－ 2,P011_W上水,DOMESTICCOLDWATER,3,1,0TK_og6lXBPR9dk8vrh8tg,Port_41463868_1,Flow,SOURCEANDSINK,PIPE,DOMESTICCOLDWATER,,,,0_7AIw1vW14SntxewuAV_x,Port_41463869_1,SOURCEANDSINK,,,IfcPipeSegment,2ya0mA1vr8Nx6iYTzE8Wvb,配管タイプ:00_供給:41463869,配管タイプ:00_供給,Pset_PipeSegmentTypeCommon.InnerDiameter=57.5 | Pset_PipeSegmentTypeCommon.OuterDiameter=60.5,60.5,60.5,ConnectedElement,
2ya0mA1vr8Nx6iYTzE8Wva,021_径違いＴ型:Common:41463868,021_径違いＴ型:Common,径違いT型,2FL,－ 2,P011_W上水,DOMESTICCOLDWATER,3,2,2tDg0$ZKnaTj9L5DOsA_E8,Port_41463868_2,Flow,SOURCEANDSINK,PIPE,DOMESTICCOLDWATER,,,,0hUCOSphxI5ZEHj8uTOUwt,Port_41587369_0,SOURCEANDSINK,,,IfcPipeSegment,09qnPcuf90ug4Az8aUTknI,配管タイプ:00_供給:41587369,配管タイプ:00_供給,Pset_PipeSegmentTypeCommon.InnerDiameter=57.5 | Pset_PipeSegmentTypeCommon.OuterDiameter=60.5,60.5,60.5,ConnectedElement,
2ya0mA1vr8Nx6iYTzE8Wva,021_径違いＴ型:Common:41463868,021_径違いＴ型:Common,径違いT型,2FL,－ 2,P011_W上水,DOMESTICCOLDWATER,3,3,2tkkyQQRycHp1fM0VSmgeU,Port_41463868_3,Flow,SOURCEANDSINK,PIPE,DOMESTICCOLDWATER,,,,,,,,,,,,,,,,,接続先Portなし | 径候補なし
2ya0mA1vr8Nx6iYTzE8Wuu,021_径違いＴ型:Common:41463904,021_径違いＴ型:Common,径違いT型,2FL,－ 2,P011_W上水,DOMESTICCOLDWATER,3,1,1YbYBSGGbBc1K0LE4cwqOy,Port_41463904_2,Flow,SOURCEANDSINK,PIPE,DOMESTICCOLDWATER,,,,0PQc_6np6R2tNOs1sDlnB4,Port_41463869_0,SOURCEANDSINK,,,IfcPipeSegment,2ya0mA1vr8Nx6iYTzE8Wvb,配管タイプ:00_供給:41463869,配管タイプ:00_供給,Pset_PipeSegmentTypeCommon.InnerDiameter=57.5 | Pset_PipeSegmentTypeCommon.OuterDiameter=60.5,60.5,60.5,ConnectedElement,
2ya0mA1vr8Nx6iYTzE8Wuu,021_径違いＴ型:Common:41463904,021_径違いＴ型:Common,径違いT型,2FL,－ 2,P011_W上水,DOMESTICCOLDWATER,3,2,17UKh05pQWTjiInnvsrjtc,Port_41463904_1,Flow,SOURCEANDSINK,PIPE,DOMESTICCOLDWATER,,,,3DrpVco_xzRCn4J01q64BE,Port_41463905_1,SOURCEANDSINK,,,IfcPipeSegment,2ya0mA1vr8Nx6iYTzE8Wuv,配管タイプ:00_供給:41463905,配管タイプ:00_供給,Pset_PipeSegmentTypeCommon.InnerDiameter=57.5 | Pset_PipeSegmentTypeCommon.OuterDiameter=60.5,60.5,60.5,ConnectedElement,
2ya0mA1vr8Nx6iYTzE8Wuu,021_径違いＴ型:Common:41463904,021_径違いＴ型:Common,径違いT型,2FL,－ 2,P011_W上水,DOMESTICCOLDWATER,3,3,0wcPloyIMCfyN3$w$QJrxN,Port_41463904_3,Flow,SOURCEANDSINK,PIPE,DOMESTICCOLDWATER,,,,,,,,,,,,,,,,,接続先Portなし | 径候補なし
2ya0mA1vr8Nx6iYTzE8Wze,021_径違いＴ型:Common:41464112,021_径違いＴ型:Common,径違いT型,2FL,－ 2,P011_W上水,DOMESTICCOLDWATER,3,1,3A546VA7yIfZKTc$ztY4aV,Port_41464112_2,Flow,SOURCEANDSINK,PIPE,DOMESTICCOLDWATER,,,,11RQaWdOZK_NMkRi2qjmY0,Port_41463905_0,SOURCEANDSINK,,,IfcPipeSegment,2ya0mA1vr8Nx6iYTzE8Wuv,配管タイプ:00_供給:41463905,配管タイプ:00_供給,Pset_PipeSegmentTypeCommon.InnerDiameter=57.5 | Pset_PipeSegmentTypeCommon.OuterDiameter=60.5,60.5,60.5,ConnectedElement,
2ya0mA1vr8Nx6iYTzE8Wze,021_径違いＴ型:Common:41464112,021_径違いＴ型:Common,径違いT型,2FL,－ 2,P011_W上水,DOMESTICCOLDWATER,3,2,1C1F0hkXMBoUlN1dtNglir,Port_41464112_1,Flow,SOURCEANDSINK,PIPE,DOMESTICCOLDWATER,,,,2IK1bBc93v6JVJZM_HOpR1,Port_41970964_1,SOURCEANDSINK,,,IfcPipeSegment,3g_hUfrM11BR0pCRQT93I8,配管タイプ:00_供給:41970964,配管タイプ:00_供給,Pset_PipeSegmentTypeCommon.InnerDiameter=57.5 | Pset_PipeSegmentTypeCommon.OuterDiameter=60.5,60.5,60.5,ConnectedElement,
2ya0mA1vr8Nx6iYTzE8Wze,021_径違いＴ型:Common:41464112,021_径違いＴ型:Common,径違いT型,2FL,－ 2,P011_W上水,DOMESTICCOLDWATER,3,3,147hMl_oLP8JPeeph$_Tu5,Port_41464112_3,Flow,SOURCEANDSINK,PIPE,DOMESTICCOLDWATER,,,,,,,,,,,,,,,,,接続先Portなし | 径候補なし
2WDT0QapDCK8TwSXcPA_Bx,021_径違いＴ型:Common:41480698,021_径違いＴ型:Common,径違いT型,2FL,P031_V通気 2,P031_V通気,VENT,3,1,1vHgfz_EdTn$GtbPKZGHDP,Port_41480698_2,Flow,SOURCEANDSINK,PIPE,VENT,,,,1xdD3F0p7xDq8XMEgQMGy9,Port_40700254_0,SOURCEANDSINK,,,IfcPipeSegment,30ZEx8XDvFIQj6CYRYvQiL,配管タイプ:00_排水:40700254,配管タイプ:00_排水,Pset_PipeSegmentTypeCommon.InnerDiameter=67.9 | Pset_PipeSegmentTypeCommon.OuterDiameter=76.3,76.3,76.3,ConnectedElement,
2WDT0QapDCK8TwSXcPA_Bx,021_径違いＴ型:Common:41480698,021_径違いＴ型:Common,径違いT型,2FL,P031_V通気 2,P031_V通気,VENT,3,2,3tHMnFa7aHqOmA4HDdDmqh,Port_41480698_1,Flow,SOURCEANDSINK,PIPE,VENT,,,,0JlTeuktSyKnO5rplKeUcX,Port_41480699_1,SOURCEANDSINK,,,IfcPipeSegment,2WDT0QapDCK8TwSXcPA_Bw,配管タイプ:00_排水:41480699,配管タイプ:00_排水,Pset_PipeSegmentTypeCommon.InnerDiameter=67.9 | Pset_PipeSegmentTypeCommon.OuterDiameter=76.3,76.3,76.3,ConnectedElement,
2WDT0QapDCK8TwSXcPA_Bx,021_径違いＴ型:Common:41480698,021_径違いＴ型:Common,径違いT型,2FL,P031_V通気 2,P031_V通気,VENT,3,3,2I96PzK74hVn94JIM2aYbe,Port_41480698_3,Flow,SOURCEANDSINK,PIPE,VENT,,,,,,,,,,,,,,,,,接続先Portなし | 径候補なし
2WDT0QapDCK8TwSXcPA_0A,021_径違いＴ型:Common:41480971,021_径違いＴ型:Common,径違いT型,2FL,P031_V通気 2,P031_V通気,VENT,3,1,3yOcGdtEnm4uhd_2$te84W,Port_41480971_2,Flow,SOURCEANDSINK,PIPE,VENT,,,,0qATU9iAz03U12BLgLcw7j,Port_40700260_0,SOURCEANDSINK,,,IfcPipeSegment,30ZEx8XDvFIQj6CYRYvQil,配管タイプ:00_排水:40700260,配管タイプ:00_排水,Pset_PipeSegmentTypeCommon.InnerDiameter=52.900000000000006 | Pset_PipeSegmentTypeCommon.OuterDiameter=60.5,60.5,60.5,ConnectedElement,
2WDT0QapDCK8TwSXcPA_0A,021_径違いＴ型:Common:41480971,021_径違いＴ型:Common,径違いT型,2FL,P031_V通気 2,P031_V通気,VENT,3,2,0rsWpV69jm7ZSXu8c0cuAg,Port_41480971_1,Flow,SOURCEANDSINK,PIPE,VENT,,,,3cv9rRy_9n5mCI2qyS9STU,Port_41480972_1,SOURCEANDSINK,,,IfcPipeSegment,2WDT0QapDCK8TwSXcPA_0D,配管タイプ:00_排水:41480972,配管タイプ:00_排水,Pset_PipeSegmentTypeCommon.InnerDiameter=52.900000000000006 | Pset_PipeSegmentTypeCommon.OuterDiameter=60.5,60.5,60.5,ConnectedElement,
2WDT0QapDCK8TwSXcPA_0A,021_径違いＴ型:Common:41480971,021_径違いＴ型:Common,径違いT型,2FL,P031_V通気 2,P031_V通気,VENT,3,3,0QOHe5w3DcctYQUoyBgnwR,Port_41480971_3,Flow,SOURCEANDSINK,PIPE,VENT,,,,,,,,,,,,,,,,,接続先Portなし | 径候補なし
25dTy1oBL21uxry3jY44VS,021_径違いＴ型:Common:41529777,021_径違いＴ型:Common,径違いT型,1FL,－ 2,P011_W上水,DOMESTICCOLDWATER,3,1,2FLCtgdmp7nbKcEGtn4Dtr,Port_41529777_2,Flow,SOURCEANDSINK,PIPE,DOMESTICCOLDWATER,,,,2ASNtmexXOOrwcJYYLeJHT,Port_41464113_1,SOURCEANDSINK,,,IfcPipeSegment,2ya0mA1vr8Nx6iYTzE8Wzf,配管タイプ:00_供給:41464113,配管タイプ:00_供給,Pset_PipeSegmentTypeCommon.InnerDiameter=57.5 | Pset_PipeSegmentTypeCommon.OuterDiameter=60.5,60.5,60.5,ConnectedElement,
25dTy1oBL21uxry3jY44VS,021_径違いＴ型:Common:41529777,021_径違いＴ型:Common,径違いT型,1FL,－ 2,P011_W上水,DOMESTICCOLDWATER,3,2,2AyulE5HxWl0ds_04WSANV,Port_41529777_1,Flow,SOURCEANDSINK,PIPE,DOMESTICCOLDWATER,,,,2ZF1Rj2PrlqUq$qoHe9gix,Port_41529778_1,SOURCEANDSINK,,,IfcPipeSegment,25dTy1oBL21uxry3jY44VV,配管タイプ:00_供給:41529778,配管タイプ:00_供給,Pset_PipeSegmentTypeCommon.InnerDiameter=57.5 | Pset_PipeSegmentTypeCommon.OuterDiameter=60.5,60.5,60.5,ConnectedElement,
25dTy1oBL21uxry3jY44VS,021_径違いＴ型:Common:41529777,021_径違いＴ型:Common,径違いT型,1FL,－ 2,P011_W上水,DOMESTICCOLDWATER,3,3,1W0cR8sg90iK4U9Jibjck7,Port_41529777_3,Flow,SOURCEANDSINK,PIPE,DOMESTICCOLDWATER,,,,,,,,,,,,,,,,,接続先Portなし | 径候補なし
25dTy1oBL21uxry3jY44VQ,021_径違いＴ型:Common:41529783,021_径違いＴ型:Common,径違いT型,1FL,－ 2,P011_W上水,DOMESTICCOLDWATER,3,1,0vPS3$0xHAnZ3gOQ6bFRUf,Port_41529783_2,Flow,SOURCEANDSINK,PIPE,DOMESTICCOLDWATER,,,,09Mv1yjOWfBOIHDD15hzIt,Port_41529778_0,SOURCEANDSINK,,,IfcPipeSegment,25dTy1oBL21uxry3jY44VV,配管タイプ:00_供給:41529778,配管タイプ:00_供給,Pset_PipeSegmentTypeCommon.InnerDiameter=57.5 | Pset_PipeSegmentTypeCommon.OuterDiameter=60.5,60.5,60.5,ConnectedElement,
25dTy1oBL21uxry3jY44VQ,021_径違いＴ型:Common:41529783,021_径違いＴ型:Common,径違いT型,1FL,－ 2,P011_W上水,DOMESTICCOLDWATER,3,2,2QEahDMZAU0c$9I91Gr_2J,Port_41529783_1,Flow,SOURCEANDSINK,PIPE,DOMESTICCOLDWATER,,,,2iW4p0vwHEos_JJn3PteQH,Port_41529784_1,SOURCEANDSINK,,,IfcPipeSegment,25dTy1oBL21uxry3jY44VL,配管タイプ:00_供給:41529784,配管タイプ:00_供給,Pset_PipeSegmentTypeCommon.InnerDiameter=57.5 | Pset_PipeSegmentTypeCommon.OuterDiameter=60.5,60.5,60.5,ConnectedElement,
25dTy1oBL21uxry3jY44VQ,021_径違いＴ型:Common:41529783,021_径違いＴ型:Common,径違いT型,1FL,－ 2,P011_W上水,DOMESTICCOLDWATER,3,3,1j64Ukg096C2cmFBBeZe8O,Port_41529783_3,Flow,SOURCEANDSINK,PIPE,DOMESTICCOLDWATER,,,,,,,,,,,,,,,,,接続先Portなし | 径候補なし
25dTy1oBL21uxry3jY44Uj,021_径違いＴ型:Common:41529792,021_径違いＴ型:Common,径違いT型,1FL,－ 2,P011_W上水,DOMESTICCOLDWATER,3,1,0WKVN_xd3uo3TnyR4DAN4r,OutPort_41529792_1,Flow,SOURCE,PIPE,DOMESTICCOLDWATER,,,,0MCc1iaoPoCeSHVRV0HiQb,InPort_41529706_0,SINK,,,IfcPipeSegment,25dTy1oBL21uxry3jY44S7,配管タイプ:00_供給:41529706,配管タイプ:00_供給,Pset_PipeSegmentTypeCommon.InnerDiameter=57.5 | Pset_PipeSegmentTypeCommon.OuterDiameter=60.5,60.5,60.5,ConnectedElement,
25dTy1oBL21uxry3jY44Uj,021_径違いＴ型:Common:41529792,021_径違いＴ型:Common,径違いT型,1FL,－ 2,P011_W上水,DOMESTICCOLDWATER,3,2,3M$yo0DvxnsbGsby0qP3qP,Port_41529792_2,Flow,SOURCEANDSINK,PIPE,DOMESTICCOLDWATER,,,,03ELNPfMQTSKfd0J1lMCXP,Port_41529784_0,SOURCEANDSINK,,,IfcPipeSegment,25dTy1oBL21uxry3jY44VL,配管タイプ:00_供給:41529784,配管タイプ:00_供給,Pset_PipeSegmentTypeCommon.InnerDiameter=57.5 | Pset_PipeSegmentTypeCommon.OuterDiameter=60.5,60.5,60.5,ConnectedElement,
25dTy1oBL21uxry3jY44Uj,021_径違いＴ型:Common:41529792,021_径違いＴ型:Common,径違いT型,1FL,－ 2,P011_W上水,DOMESTICCOLDWATER,3,3,04qH$bhMBbKSAbxKzZBNYT,Port_41529792_3,Flow,SOURCEANDSINK,PIPE,DOMESTICCOLDWATER,,,,,,,,,,,,,,,,,接続先Portなし | 径候補なし
0CG8h9CIL0Q8k4mhgA6vHJ,041_レジューサ:Common:41566630,041_レジューサ:Common,レジューサ,1FL,D 7,M121_Dドレン,SEWAGE,2,1,1GaLiJSBEoink4IGXomFVo,Port_41566630_2,Flow,SOURCEANDSINK,PIPE,SEWAGE,,,,2_7nKZYJ2WuAPZ$mIG9RPG,Port_41566558_0,SOURCEANDSINK,,,IfcPipeSegment,0CG8h9CIL0Q8k4mhgA6vIh,配管タイプ:00_排水:41566558,配管タイプ:00_排水,Pset_PipeSegmentTypeCommon.InnerDiameter=52.900000000000006 | Pset_PipeSegmentTypeCommon.OuterDiameter=60.5,60.5,60.5,ConnectedElement,
0CG8h9CIL0Q8k4mhgA6vHJ,041_レジューサ:Common:41566630,041_レジューサ:Common,レジューサ,1FL,D 7,M121_Dドレン,SEWAGE,2,2,3XqsYYTC_NtxLVnWH2oELo,Port_41566630_1,Flow,SOURCEANDSINK,PIPE,SEWAGE,,,,,,,,,,,,,,,,,接続先Portなし | 径候補なし
0CG8h9CIL0Q8k4mhgA6vGg,041_レジューサ:Common:41566687,041_レジューサ:Common,レジューサ,1FL,D 11,M121_Dドレン,SEWAGE,2,1,3kypecN5Tf1yRTv51TtaDz,Port_41566687_2,Flow,SOURCEANDSINK,PIPE,SEWAGE,,,,1bnT5Z9HS_SEv2a6anUin0,Port_41566685_0,SOURCEANDSINK,,,IfcPipeSegment,0CG8h9CIL0Q8k4mhgA6vGe,配管タイプ:00_排水:41566685,配管タイプ:00_排水,Pset_PipeSegmentTypeCommon.InnerDiameter=52.900000000000006 | Pset_PipeSegmentTypeCommon.OuterDiameter=60.5,60.5,60.5,ConnectedElement,
0CG8h9CIL0Q8k4mhgA6vGg,041_レジューサ:Common:41566687,041_レジューサ:Common,レジューサ,1FL,D 11,M121_Dドレン,SEWAGE,2,2,0720_x$xWZUhfEYocCKv2b,Port_41566687_1,Flow,SOURCEANDSINK,PIPE,SEWAGE,,,,,,,,,,,,,,,,,接続先Portなし | 径候補なし
0eLM4vM5jAygjA1FFPEdo4,011_エルボ:Common:41573114,011_エルボ:Common,エルボ,5FL,－ 233,M112_W加湿給水,DOMESTICCOLDWATER,2,1,0ueBUvx2tUEWAWqnmqM9jR,Port_41573114_1,Flow,SOURCEANDSINK,PIPE,DOMESTICCOLDWATER,,,,,,,,,,,,,,,,,接続先Portなし | 径候補なし
0eLM4vM5jAygjA1FFPEdo4,011_エルボ:Common:41573114,011_エルボ:Common,エルボ,5FL,－ 233,M112_W加湿給水,DOMESTICCOLDWATER,2,2,31_Ws9qiDn4M6ei1zBY1x$,Port_41573114_2,Flow,SOURCEANDSINK,PIPE,DOMESTICCOLDWATER,,,,,,,,,,,,,,,,,接続先Portなし | 径候補なし
2s0miY2LL7VPzA9lwxWjm9,021_径違いＴ型:Common:41582429,021_径違いＴ型:Common,径違いT型,4FL,CH 7,M031_CH冷温水(往),HEATING,3,1,1f8aIoxKcsorz9aEA9DLx6,Port_41582429_3,Flow,SOURCEANDSINK,PIPE,HEATING,,,,1UmxpfVSwj0jPZ3yKazDmq,Port_40769045_0,SOURCEANDSINK,,,IfcPipeSegment,03uRyGLF19twTrlIQhE1a0,配管タイプ:00_供給:40769045,配管タイプ:00_供給,Pset_PipeSegmentTypeCommon.InnerDiameter=67.9 | Pset_PipeSegmentTypeCommon.OuterDiameter=76.3,76.3,76.3,ConnectedElement,
2s0miY2LL7VPzA9lwxWjm9,021_径違いＴ型:Common:41582429,021_径違いＴ型:Common,径違いT型,4FL,CH 7,M031_CH冷温水(往),HEATING,3,2,0IQWOa209z4qm6j_EiI$St,Port_41582429_1,Flow,SOURCEANDSINK,PIPE,HEATING,,,,,,,,,,,,,,,,,接続先Portなし | 径候補なし
2s0miY2LL7VPzA9lwxWjm9,021_径違いＴ型:Common:41582429,021_径違いＴ型:Common,径違いT型,4FL,CH 7,M031_CH冷温水(往),HEATING,3,3,2wGbSUq_TYIeDbKQUyi0lp,Port_41582429_2,Flow,SOURCEANDSINK,PIPE,HEATING,,,,0tXaExElk0hL10x1iNZAqf,Port_41582430_1,SOURCEANDSINK,,,IfcPipeSegment,2s0miY2LL7VPzA9lwxWjmA,配管タイプ:00_供給:41582430,配管タイプ:00_供給,Pset_PipeSegmentTypeCommon.InnerDiameter=105.3 | Pset_PipeSegmentTypeCommon.OuterDiameter=114.30000000000001,114.30000000000001,114.30000000000001,ConnectedElement,
2s0miY2LL7VPzA9lwxWjmr,021_径違いＴ型:Common:41582433,021_径違いＴ型:Common,径違いT型,4FL,CHR 6,M032_CHR冷温水(還),HEATING,3,1,1qwYannkemsE7m$4Mu$kCl,Port_41582433_3,Flow,SOURCEANDSINK,PIPE,HEATING,,,,2VYSYBQyt_F6LrSef3Z2HR,Port_40769055_0,SOURCEANDSINK,,,IfcPipeSegment,03uRyGLF19twTrlIQhE1aA,配管タイプ:00_供給:40769055,配管タイプ:00_供給,Pset_PipeSegmentTypeCommon.InnerDiameter=67.9 | Pset_PipeSegmentTypeCommon.OuterDiameter=76.3,76.3,76.3,ConnectedElement,
2s0miY2LL7VPzA9lwxWjmr,021_径違いＴ型:Common:41582433,021_径違いＴ型:Common,径違いT型,4FL,CHR 6,M032_CHR冷温水(還),HEATING,3,2,3CTnqQjJykrLJtxhG_DRl6,Port_41582433_1,Flow,SOURCEANDSINK,PIPE,HEATING,,,,,,,,,,,,,,,,,接続先Portなし | 径候補なし
2s0miY2LL7VPzA9lwxWjmr,021_径違いＴ型:Common:41582433,021_径違いＴ型:Common,径違いT型,4FL,CHR 6,M032_CHR冷温水(還),HEATING,3,3,1VWPBPNP1TbpYuSAu0oTj2,Port_41582433_2,Flow,SOURCEANDSINK,PIPE,HEATING,,,,3nKiLyyhtfeAGnj9vrcoNp,Port_41582434_1,SOURCEANDSINK,,,IfcPipeSegment,2s0miY2LL7VPzA9lwxWjms,配管タイプ:00_供給:41582434,配管タイプ:00_供給,Pset_PipeSegmentTypeCommon.InnerDiameter=105.3 | Pset_PipeSegmentTypeCommon.OuterDiameter=114.30000000000001,114.30000000000001,114.30000000000001,ConnectedElement,
2s0miY2LL7VPzA9lwxWY7R,021_径違い90° 大曲がり Y:Common:41583247,021_径違い90° 大曲がり Y:Common,径違い90°大曲がりY,3FL,D 3,M121_Dドレン,SEWAGE,3,1,0WVFEWbtapoONJeeMijZ1i,Port_41583247_1,Flow,SOURCEANDSINK,PIPE,SEWAGE,,,,2kseit96h3TpTI6vSuGAXN,Port_41582864_0,SOURCEANDSINK,,,IfcPipeSegment,2s0miY2LL7VPzA9lwxWY94,配管タイプ:00_排水:41582864,配管タイプ:00_排水,Pset_PipeSegmentTypeCommon.InnerDiameter=67.9 | Pset_PipeSegmentTypeCommon.OuterDiameter=76.3,76.3,76.3,ConnectedElement,
2s0miY2LL7VPzA9lwxWY7R,021_径違い90° 大曲がり Y:Common:41583247,021_径違い90° 大曲がり Y:Common,径違い90°大曲がりY,3FL,D 3,M121_Dドレン,SEWAGE,3,2,30q4edqG7sO4YsHRZHLqgv,Port_41583247_2,Flow,SOURCEANDSINK,PIPE,SEWAGE,,,,04MeOhCSpyqN4oSsNEEKoQ,Port_41583248_1,SOURCEANDSINK,,,IfcPipeSegment,2s0miY2LL7VPzA9lwxWY74,配管タイプ:00_排水:41583248,配管タイプ:00_排水,Pset_PipeSegmentTypeCommon.InnerDiameter=67.9 | Pset_PipeSegmentTypeCommon.OuterDiameter=76.3,76.3,76.3,ConnectedElement,
2s0miY2LL7VPzA9lwxWY7R,021_径違い90° 大曲がり Y:Common:41583247,021_径違い90° 大曲がり Y:Common,径違い90°大曲がりY,3FL,D 3,M121_Dドレン,SEWAGE,3,3,1rqQICQVvP9kS_UxjQFxjQ,Port_41583247_3,Flow,SOURCEANDSINK,PIPE,SEWAGE,,,,,,,,,,,,,,,,,接続先Portなし | 径候補なし
3inpcJnLr5Wh9YciPQ$$3v,021_径違いＴ型:Common:41585791,021_径違いＴ型:Common,径違いT型,1FL,－ 11,M112_W加湿給水,DOMESTICCOLDWATER,3,1,1oC7FnccWiTrUCATjeYPQ3,Port_41585791_3,Flow,SOURCEANDSINK,PIPE,DOMESTICCOLDWATER,,,,30nmuWOu8mjHF1NLr92XKS,Port_41584232_1,SOURCEANDSINK,,,IfcPipeSegment,3inpcJnLr5Wh9YciPQ$$hk,配管タイプ:00_供給:41584232,配管タイプ:00_供給,Pset_PipeSegmentTypeCommon.InnerDiameter=21.6 | Pset_PipeSegmentTypeCommon.OuterDiameter=27.2,27.2,27.2,ConnectedElement,
3inpcJnLr5Wh9YciPQ$$3v,021_径違いＴ型:Common:41585791,021_径違いＴ型:Common,径違いT型,1FL,－ 11,M112_W加湿給水,DOMESTICCOLDWATER,3,2,0gqpOPQWzZEu5PxLmTISA0,Port_41585791_1,Flow,SOURCEANDSINK,PIPE,DOMESTICCOLDWATER,,,,,,,,,,,,,,,,,接続先Portなし | 径候補なし
3inpcJnLr5Wh9YciPQ$$3v,021_径違いＴ型:Common:41585791,021_径違いＴ型:Common,径違いT型,1FL,－ 11,M112_W加湿給水,DOMESTICCOLDWATER,3,3,0r2J2rs3bMgs4qtST1Wnqt,Port_41585791_2,Flow,SOURCEANDSINK,PIPE,DOMESTICCOLDWATER,,,,1fOomvOT4HnjzvFy4LbNQd,Port_41585984_0,SOURCEANDSINK,,,IfcPipeSegment,3inpcJnLr5Wh9YciPQ$$76,配管タイプ:00_供給:41585984,配管タイプ:00_供給,Pset_PipeSegmentTypeCommon.InnerDiameter=35.7 | Pset_PipeSegmentTypeCommon.OuterDiameter=42.7,42.7,42.7,ConnectedElement,
3inpcJnLr5Wh9YciPQ$$6n,021_径違いＴ型:Common:41585975,021_径違いＴ型:Common,径違いT型,3FL,－ 11,M112_W加湿給水,DOMESTICCOLDWATER,3,1,3ghvbXzx1M99h8UshQwX7N,Port_41585975_2,Flow,SOURCEANDSINK,PIPE,DOMESTICCOLDWATER,,,,1zbXi3sbIDD3PngK9TKRAj,Port_40899380_0,SOURCEANDSINK,,,IfcPipeSegment,1$rgajjQrCDg9Lz3xmtPcM,配管タイプ:00_供給:40899380,配管タイプ:00_供給,Pset_PipeSegmentTypeCommon.InnerDiameter=35.7 | Pset_PipeSegmentTypeCommon.OuterDiameter=42.7,42.7,42.7,ConnectedElement,
3inpcJnLr5Wh9YciPQ$$6n,021_径違いＴ型:Common:41585975,021_径違いＴ型:Common,径違いT型,3FL,－ 11,M112_W加湿給水,DOMESTICCOLDWATER,3,2,0AuCucfWbk9EmqrJQHlH_V,Port_41585975_3,Flow,SOURCEANDSINK,PIPE,DOMESTICCOLDWATER,,,,1aK$YVtPQZvkrsZc8tbts_,Port_41583039_0,SOURCEANDSINK,,,IfcPipeSegment,2s0miY2LL7VPzA9lwxWYBh,配管タイプ:00_供給:41583039,配管タイプ:00_供給,Pset_PipeSegmentTypeCommon.InnerDiameter=21.6 | Pset_PipeSegmentTypeCommon.OuterDiameter=27.2,27.2,27.2,ConnectedElement,
3inpcJnLr5Wh9YciPQ$$6n,021_径違いＴ型:Common:41585975,021_径違いＴ型:Common,径違いT型,3FL,－ 11,M112_W加湿給水,DOMESTICCOLDWATER,3,3,2Q7VlZs8ZrIT_zESLGogFh,Port_41585975_1,Flow,SOURCEANDSINK,PIPE,DOMESTICCOLDWATER,,,,0gAsrhm5$_0tiybYwrwwGS,Port_41585976_1,SOURCEANDSINK,,,IfcPipeSegment,3inpcJnLr5Wh9YciPQ$$6_,配管タイプ:00_供給:41585976,配管タイプ:00_供給,Pset_PipeSegmentTypeCommon.InnerDiameter=35.7 | Pset_PipeSegmentTypeCommon.OuterDiameter=42.7,42.7,42.7,ConnectedElement,
3inpcJnLr5Wh9YciPQ$$6v,021_径違いＴ型:Common:41585983,021_径違いＴ型:Common,径違いT型,2FL,－ 11,M112_W加湿給水,DOMESTICCOLDWATER,3,1,0b41l2JNCSH3gXQ2J850qC,Port_41585983_3,Flow,SOURCEANDSINK,PIPE,DOMESTICCOLDWATER,,,,2tXtxc6V$GbHqcLa5LOEi9,Port_41585487_0,SOURCEANDSINK,,,IfcPipeSegment,3inpcJnLr5Wh9YciPQ$$V9,配管タイプ:00_供給:41585487,配管タイプ:00_供給,Pset_PipeSegmentTypeCommon.InnerDiameter=21.6 | Pset_PipeSegmentTypeCommon.OuterDiameter=27.2,27.2,27.2,ConnectedElement,
3inpcJnLr5Wh9YciPQ$$6v,021_径違いＴ型:Common:41585983,021_径違いＴ型:Common,径違いT型,2FL,－ 11,M112_W加湿給水,DOMESTICCOLDWATER,3,2,2ha1KWgJSsW$QhbwoMzGXK,Port_41585983_2,Flow,SOURCEANDSINK,PIPE,DOMESTICCOLDWATER,,,,1h2yBKBm2jjUEAADBXjWsa,Port_41585976_0,SOURCEANDSINK,,,IfcPipeSegment,3inpcJnLr5Wh9YciPQ$$6_,配管タイプ:00_供給:41585976,配管タイプ:00_供給,Pset_PipeSegmentTypeCommon.InnerDiameter=35.7 | Pset_PipeSegmentTypeCommon.OuterDiameter=42.7,42.7,42.7,ConnectedElement,
3inpcJnLr5Wh9YciPQ$$6v,021_径違いＴ型:Common:41585983,021_径違いＴ型:Common,径違いT型,2FL,－ 11,M112_W加湿給水,DOMESTICCOLDWATER,3,3,3Lm47dJm0xC7GvlO3Im8R3,Port_41585983_1,Flow,SOURCEANDSINK,PIPE,DOMESTICCOLDWATER,,,,1DCZMfbuzxr4jCDm6BuLLH,Port_41585984_1,SOURCEANDSINK,,,IfcPipeSegment,3inpcJnLr5Wh9YciPQ$$76,配管タイプ:00_供給:41585984,配管タイプ:00_供給,Pset_PipeSegmentTypeCommon.InnerDiameter=35.7 | Pset_PipeSegmentTypeCommon.OuterDiameter=42.7,42.7,42.7,ConnectedElement,
09qnPcuf90ug4Az8aUTknJ,021_径違いＴ型:Common:41587368,021_径違いＴ型:Common,径違いT型,5FL,－ 2,P011_W上水,DOMESTICCOLDWATER,3,1,1YmiBguTZ4RKyKNDdpz_q0,Port_41587368_1,Flow,SOURCEANDSINK,PIPE,DOMESTICCOLDWATER,,,,2$j36NTjOqDBmjV5zYwWUw,Port_41587369_1,SOURCEANDSINK,,,IfcPipeSegment,09qnPcuf90ug4Az8aUTknI,配管タイプ:00_供給:41587369,配管タイプ:00_供給,Pset_PipeSegmentTypeCommon.InnerDiameter=57.5 | Pset_PipeSegmentTypeCommon.OuterDiameter=60.5,60.5,60.5,ConnectedElement,
09qnPcuf90ug4Az8aUTknJ,021_径違いＴ型:Common:41587368,021_径違いＴ型:Common,径違いT型,5FL,－ 2,P011_W上水,DOMESTICCOLDWATER,3,2,0Fur9XHTn08C6vlQdRY4EK,Port_41587368_2,Flow,SOURCEANDSINK,PIPE,DOMESTICCOLDWATER,,,,,,,,,,,,,,,,,接続先Portなし | 径候補なし
09qnPcuf90ug4Az8aUTknJ,021_径違いＴ型:Common:41587368,021_径違いＴ型:Common,径違いT型,5FL,－ 2,P011_W上水,DOMESTICCOLDWATER,3,3,0Sdxkl2J75SC25cu1bfty8,Port_41587368_3,Flow,SOURCEANDSINK,PIPE,DOMESTICCOLDWATER,,,,,,,,,,,,,,,,,接続先Portなし | 径候補なし
0cvR1_ETfB2e064iFLIaeI,051_ソケット:Common:41591355,051_ソケット:Common,ソケット,PIT,) 1,P021_D汚水,SEWAGE,2,1,3jvpHUlMb$vUUGChIG_t5o,InPort_41591355_2,Flow,SINK,PIPE,SEWAGE,,,,34m_cGxCuPiMzg7eoIncX9,OutPort_41591026_0,SOURCE,,,IfcPipeSegment,0cvR1_ETfB2e064iFLIaZR,配管タイプ:00_排水:41591026,配管タイプ:00_排水,Pset_PipeSegmentTypeCommon.InnerDiameter=105.3 | Pset_PipeSegmentTypeCommon.OuterDiameter=114.30000000000001,114.30000000000001,114.30000000000001,ConnectedElement,
0cvR1_ETfB2e064iFLIaeI,051_ソケット:Common:41591355,051_ソケット:Common,ソケット,PIT,) 1,P021_D汚水,SEWAGE,2,2,1XtQo6qBVH_ThOJ0fx2Hxb,OutPort_41591355_1,Flow,SOURCE,PIPE,SEWAGE,,,,14wDtKdeSQ$CrXz8EcHO1D,InPort_41593037_1,SINK,,,IfcPipeSegment,0cvR1_ETfB2e064iFLIa3a,配管タイプ:00_排水:41593037,配管タイプ:00_排水,Pset_PipeSegmentTypeCommon.InnerDiameter=105.3 | Pset_PipeSegmentTypeCommon.OuterDiameter=114.30000000000001,114.30000000000001,114.30000000000001,ConnectedElement,
0cvR1_ETfB2e064iFLIagn,011_エルボ:Common:41591448,011_エルボ:Common,エルボ,5FL,P031_V通気 2,P031_V通気,VENT,2,1,27BnaUJdzIPY2ZnwDRPaTp,InPort_41591448_1,Flow,SINK,PIPE,VENT,,,,2Lbp7jxGI$FQ3Nv3zNT13K,OutPort_41591026_1,SOURCE,,,IfcPipeSegment,0cvR1_ETfB2e064iFLIaZR,配管タイプ:00_排水:41591026,配管タイプ:00_排水,Pset_PipeSegmentTypeCommon.InnerDiameter=105.3 | Pset_PipeSegmentTypeCommon.OuterDiameter=114.30000000000001,114.30000000000001,114.30000000000001,ConnectedElement,
0cvR1_ETfB2e064iFLIagn,011_エルボ:Common:41591448,011_エルボ:Common,エルボ,5FL,P031_V通気 2,P031_V通気,VENT,2,2,13AdagY$dX3j4L5_f4kEaE,OutPort_41591448_2,Flow,SOURCE,PIPE,VENT,,,,,,,,,,,,,,,,,接続先Portなし | 径候補なし
0cvR1_ETfB2e064iFLIai2,051_ソケット:Common:41591595,051_ソケット:Common,ソケット,PIT,P031_V通気 2 | P022_D雑排水 1,P031_V通気 | P022_D雑排水,VENT | SEWAGE,2,1,3ziLfDFSBbmwSGGkaH3K9u,OutPort_41591595_2,Flow,SOURCE,PIPE,SEWAGE,,,,2dXIQ$LvIFs34S5tF_EiuK,InPort_40700257_0,SINK,,,IfcPipeSegment,30ZEx8XDvFIQj6CYRYvQig,配管タイプ:00_排水:40700257,配管タイプ:00_排水,Pset_PipeSegmentTypeCommon.InnerDiameter=67.9 | Pset_PipeSegmentTypeCommon.OuterDiameter=76.3,76.3,76.3,ConnectedElement,
0cvR1_ETfB2e064iFLIai2,051_ソケット:Common:41591595,051_ソケット:Common,ソケット,PIT,P031_V通気 2 | P022_D雑排水 1,P031_V通気 | P022_D雑排水,VENT | SEWAGE,2,2,1yjwcCWnAhyHN83g6ElI1z,OutPort_41591595_1,Flow,SOURCE,PIPE,SEWAGE,,,,0xTLSogrnL8E9UWFtUjGMr,InPort_41593450_0,SINK,,,IfcPipeSegment,0cvR1_ETfB2e064iFLIa93,配管タイプ:00_排水:41593450,配管タイプ:00_排水,Pset_PipeSegmentTypeCommon.InnerDiameter=67.9 | Pset_PipeSegmentTypeCommon.OuterDiameter=76.3,76.3,76.3,ConnectedElement,
0cvR1_ETfB2e064iFLIamt,011_エルボ:Common:41591838,011_エルボ:Common,エルボ,PIT,P031_V通気 2,P031_V通気,VENT,2,1,38tg1ahCzObVhQFqXipkfW,InPort_41591838_1,Flow,SINK,PIPE,VENT,,,,2uEkhS8VGypme$FCeZDGFV,OutPort_40700257_1,SOURCE,,,IfcPipeSegment,30ZEx8XDvFIQj6CYRYvQig,配管タイプ:00_排水:40700257,配管タイプ:00_排水,Pset_PipeSegmentTypeCommon.InnerDiameter=67.9 | Pset_PipeSegmentTypeCommon.OuterDiameter=76.3,76.3,76.3,ConnectedElement,
0cvR1_ETfB2e064iFLIamt,011_エルボ:Common:41591838,011_エルボ:Common,エルボ,PIT,P031_V通気 2,P031_V通気,VENT,2,2,011ygS$MF_7UA1QO6MUcJk,OutPort_41591838_2,Flow,SOURCE,PIPE,VENT,,,,,,,,,,,,,,,,,接続先Portなし | 径候補なし
0cvR1_ETfB2e064iFLIany,011_エルボ:Common:41591893,011_エルボ:Common,エルボ,PIT,P031_V通気 2,P031_V通気,VENT,2,1,0uBUPdUDwQrhD2oGQqtO41,Port_41591893_1,Flow,SOURCEANDSINK,PIPE,VENT,,,,1eXybaro$IEvV9FnnqwWVG,Port_41591895_2,SOURCEANDSINK,,,IfcPipeFitting,0cvR1_ETfB2e064iFLIan_,041_レジューサ:Common:41591895,041_レジューサ:Common,,,,,径候補なし
0cvR1_ETfB2e064iFLIany,011_エルボ:Common:41591893,011_エルボ:Common,エルボ,PIT,P031_V通気 2,P031_V通気,VENT,2,2,00uEG5ZKRrsHgMVHd$C$i5,OutPort_41591893_2,Flow,SOURCE,PIPE,VENT,,,,,,,,,,,,,,,,,接続先Portなし | 径候補なし
0cvR1_ETfB2e064iFLIan_,041_レジューサ:Common:41591895,041_レジューサ:Common,レジューサ,PIT,P031_V通気 2,P031_V通気,VENT,2,1,3KaoCcLI3_egVSwrQilD3J,Port_41591895_1,Flow,SOURCEANDSINK,PIPE,VENT,,,,3sVwukm2V6EhxgDnFTUGJ8,Port_40700254_1,SOURCEANDSINK,,,IfcPipeSegment,30ZEx8XDvFIQj6CYRYvQiL,配管タイプ:00_排水:40700254,配管タイプ:00_排水,Pset_PipeSegmentTypeCommon.InnerDiameter=67.9 | Pset_PipeSegmentTypeCommon.OuterDiameter=76.3,76.3,76.3,ConnectedElement,
0cvR1_ETfB2e064iFLIan_,041_レジューサ:Common:41591895,041_レジューサ:Common,レジューサ,PIT,P031_V通気 2,P031_V通気,VENT,2,2,1eXybaro$IEvV9FnnqwWVG,Port_41591895_2,Flow,SOURCEANDSINK,PIPE,VENT,,,,0uBUPdUDwQrhD2oGQqtO41,Port_41591893_1,SOURCEANDSINK,,,IfcPipeFitting,0cvR1_ETfB2e064iFLIany,011_エルボ:Common:41591893,011_エルボ:Common,,,,,径候補なし
0cvR1_ETfB2e064iFLIapk,011_エルボ:Common:41592007,011_エルボ:Common,エルボ,PIT,P031_V通気 2,P031_V通気,VENT,2,1,3lH_Thz6b7FD71dwbdBY1X,Port_41592007_1,Flow,SOURCEANDSINK,PIPE,VENT,,,,3FH2aHIQfT5icKvxFkyXF7,Port_40700260_1,SOURCEANDSINK,,,IfcPipeSegment,30ZEx8XDvFIQj6CYRYvQil,配管タイプ:00_排水:40700260,配管タイプ:00_排水,Pset_PipeSegmentTypeCommon.InnerDiameter=52.900000000000006 | Pset_PipeSegmentTypeCommon.OuterDiameter=60.5,60.5,60.5,ConnectedElement,
0cvR1_ETfB2e064iFLIapk,011_エルボ:Common:41592007,011_エルボ:Common,エルボ,PIT,P031_V通気 2,P031_V通気,VENT,2,2,08NmiuDTXhVvu2KxNra1HX,OutPort_41592007_2,Flow,SOURCE,PIPE,VENT,,,,,,,,,,,,,,,,,接続先Portなし | 径候補なし
3g_hUfrM11BR0pCRQT93Km,071_キャップ:Common:41970860,071_キャップ:Common,キャップ,1FL,－ 2,P011_W上水,DOMESTICCOLDWATER,1,1,0l1FAoOJqC4MF3ytYhmG$X,InPort_41970860_1,Flow,SINK,PIPE,DOMESTICCOLDWATER,,,,0e_Y8jONCn2nQUKK3v_ZG9,OutPort_41529706_1,SOURCE,,,IfcPipeSegment,25dTy1oBL21uxry3jY44S7,配管タイプ:00_供給:41529706,配管タイプ:00_供給,Pset_PipeSegmentTypeCommon.InnerDiameter=57.5 | Pset_PipeSegmentTypeCommon.OuterDiameter=60.5,60.5,60.5,ConnectedElement,
3g_hUfrM11BR0pCRQT92b9,011_エルボ:Common:41971925,011_エルボ:Common,エルボ,PIT,X 1,P051_X屋内消火栓,FIREPROTECTION,2,1,0Yo8jmiHz5LCilrmxdsGgl,Port_41971925_1,Flow,SOURCEANDSINK,PIPE,NOTDEFINED,,,,,,,,,,,,,,,,,接続先Portなし | 径候補なし
3g_hUfrM11BR0pCRQT92b9,011_エルボ:Common:41971925,011_エルボ:Common,エルボ,PIT,X 1,P051_X屋内消火栓,FIREPROTECTION,2,2,17srEY7pm04QUSpqjbnFOM,Port_41971925_2,Flow,SOURCEANDSINK,PIPE,NOTDEFINED,,,,1tLIZLNO$uETnXKBdEjZwj,Port_41971927_1,SOURCEANDSINK,,,IfcPipeFitting,3g_hUfrM11BR0pCRQT92bB,041_レジューサ:Common:41971927,041_レジューサ:Common,,,,,径候補なし
3g_hUfrM11BR0pCRQT92bB,041_レジューサ:Common:41971927,041_レジューサ:Common,レジューサ,PIT,X 1,P051_X屋内消火栓,FIREPROTECTION,2,1,1tLIZLNO$uETnXKBdEjZwj,Port_41971927_1,Flow,SOURCEANDSINK,PIPE,NOTDEFINED,,,,17srEY7pm04QUSpqjbnFOM,Port_41971925_2,SOURCEANDSINK,,,IfcPipeFitting,3g_hUfrM11BR0pCRQT92b9,011_エルボ:Common:41971925,011_エルボ:Common,,,,,径候補なし
3g_hUfrM11BR0pCRQT92bB,041_レジューサ:Common:41971927,041_レジューサ:Common,レジューサ,PIT,X 1,P051_X屋内消火栓,FIREPROTECTION,2,2,3b3zVZPxkxjb3eFswWrNz0,Port_41971927_2,Flow,SOURCEANDSINK,PIPE,NOTDEFINED,,,,1$kssPDiTHiI$f1a9bgD2Q,Port_41972067_1,SOURCEANDSINK,,,IfcPipeSegment,3g_hUfrM11BR0pCRQT92Z$,配管タイプ:00_供給:41972067,配管タイプ:00_供給,Pset_PipeSegmentTypeCommon.InnerDiameter=67.9 | Pset_PipeSegmentTypeCommon.OuterDiameter=76.3,76.3,76.3,ConnectedElement,
3g_hUfrM11BR0pCRQT92Xs,011_エルボ:Common:41972202,011_エルボ:Common,エルボ,1FL,X 1,P051_X屋内消火栓,FIREPROTECTION,2,1,1fVcJczPSezqJnHc6Mt6PW,Port_41972202_1,Flow,SOURCEANDSINK,PIPE,NOTDEFINED,,,,,,,,,,,,,,,,,接続先Portなし | 径候補なし
3g_hUfrM11BR0pCRQT92Xs,011_エルボ:Common:41972202,011_エルボ:Common,エルボ,1FL,X 1,P051_X屋内消火栓,FIREPROTECTION,2,2,2BrPpFTue2HIOGZGbhumY_,Port_41972202_2,Flow,SOURCEANDSINK,PIPE,NOTDEFINED,,,,0ER5K$sjNapTWUZIvnUKru,Port_41972330_0,SOURCEANDSINK,,,IfcPipeSegment,3g_hUfrM11BR0pCRQT92ls,配管タイプ:00_供給:41972330,配管タイプ:00_供給,Pset_PipeSegmentTypeCommon.InnerDiameter=67.9 | Pset_PipeSegmentTypeCommon.OuterDiameter=76.3,76.3,76.3,ConnectedElement,
3g_hUfrM11BR0pCRQT92lr,021_径違いＴ型:Common:41972329,021_径違いＴ型:Common,径違いT型,1FL,X 1,P051_X屋内消火栓,FIREPROTECTION,3,1,3LsdSbBWMErSafrNIKHgCP,Port_41972329_2,Flow,SOURCEANDSINK,PIPE,NOTDEFINED,,,,3DerM_q0qYzyy1WQP4Jwg5,Port_41972067_0,SOURCEANDSINK,,,IfcPipeSegment,3g_hUfrM11BR0pCRQT92Z$,配管タイプ:00_供給:41972067,配管タイプ:00_供給,Pset_PipeSegmentTypeCommon.InnerDiameter=67.9 | Pset_PipeSegmentTypeCommon.OuterDiameter=76.3,76.3,76.3,ConnectedElement,
3g_hUfrM11BR0pCRQT92lr,021_径違いＴ型:Common:41972329,021_径違いＴ型:Common,径違いT型,1FL,X 1,P051_X屋内消火栓,FIREPROTECTION,3,2,04D3JilhnIcRBf8DXUe971,Port_41972329_1,Flow,SOURCEANDSINK,PIPE,NOTDEFINED,,,,2YzMcKxaKXktiZ5nIuo5cf,Port_41972330_1,SOURCEANDSINK,,,IfcPipeSegment,3g_hUfrM11BR0pCRQT92ls,配管タイプ:00_供給:41972330,配管タイプ:00_供給,Pset_PipeSegmentTypeCommon.InnerDiameter=67.9 | Pset_PipeSegmentTypeCommon.OuterDiameter=76.3,76.3,76.3,ConnectedElement,
3g_hUfrM11BR0pCRQT92lr,021_径違いＴ型:Common:41972329,021_径違いＴ型:Common,径違いT型,1FL,X 1,P051_X屋内消火栓,FIREPROTECTION,3,3,2IMFyO$qZmYoMl5OPoSn52,Port_41972329_3,Flow,SOURCEANDSINK,PIPE,NOTDEFINED,,,,,,,,,,,,,,,,,接続先Portなし | 径候補なし
0pe1NtE2jC$QiRfpnhK8ru,021_径違い90° 大曲がり Y:Common:41988437,021_径違い90° 大曲がり Y:Common,径違い90°大曲がりY,4FL,D 24,M121_Dドレン,SEWAGE,3,1,0kHzwetYlZ2GUwzNIS4617,Port_41988437_1,Flow,SOURCEANDSINK,PIPE,SEWAGE,,,,32109myKQd3UNh8XfATmc2,Port_41988439_1,SOURCEANDSINK,,,IfcPipeSegment,0pe1NtE2jC$QiRfpnhK8rz,配管タイプ:00_排水:41988439,配管タイプ:00_排水,Pset_PipeSegmentTypeCommon.InnerDiameter=52.900000000000006 | Pset_PipeSegmentTypeCommon.OuterDiameter=60.5,60.5,60.5,ConnectedElement,
0pe1NtE2jC$QiRfpnhK8ru,021_径違い90° 大曲がり Y:Common:41988437,021_径違い90° 大曲がり Y:Common,径違い90°大曲がりY,4FL,D 24,M121_Dドレン,SEWAGE,3,2,0t8TAA36irCAvvQKprKD$T,Port_41988437_2,Flow,SOURCEANDSINK,PIPE,SEWAGE,,,,,,,,,,,,,,,,,接続先Portなし | 径候補なし
0pe1NtE2jC$QiRfpnhK8ru,021_径違い90° 大曲がり Y:Common:41988437,021_径違い90° 大曲がり Y:Common,径違い90°大曲がりY,4FL,D 24,M121_Dドレン,SEWAGE,3,3,3AiSmI657wN$UOIQB3rfhd,Port_41988437_3,Flow,SOURCEANDSINK,PIPE,SEWAGE,,,,,,,,,,,,,,,,,接続先Portなし | 径候補なし
0pe1NtE2jC$QiRfpnhK8aC,021_径違い90° 大曲がり Y:Common:41988483,021_径違い90° 大曲がり Y:Common,径違い90°大曲がりY,2FL,D 24,M121_Dドレン,SEWAGE,3,1,0GKRZj5GLNGmxZQkprzMC4,Port_41988483_2,Flow,SOURCEANDSINK,PIPE,SEWAGE,,,,2GQVMiZwWo4_3Qu1FpJD1a,Port_41988439_0,SOURCEANDSINK,,,IfcPipeSegment,0pe1NtE2jC$QiRfpnhK8rz,配管タイプ:00_排水:41988439,配管タイプ:00_排水,Pset_PipeSegmentTypeCommon.InnerDiameter=52.900000000000006 | Pset_PipeSegmentTypeCommon.OuterDiameter=60.5,60.5,60.5,ConnectedElement,
0pe1NtE2jC$QiRfpnhK8aC,021_径違い90° 大曲がり Y:Common:41988483,021_径違い90° 大曲がり Y:Common,径違い90°大曲がりY,2FL,D 24,M121_Dドレン,SEWAGE,3,2,27okVwn5L1SrwRxzm1szuM,Port_41988483_1,Flow,SOURCEANDSINK,PIPE,SEWAGE,,,,37FUxG8ZPjoWP2RdEMorkT,Port_41988484_1,SOURCEANDSINK,,,IfcPipeSegment,0pe1NtE2jC$QiRfpnhK8bp,配管タイプ:00_排水:41988484,配管タイプ:00_排水,Pset_PipeSegmentTypeCommon.InnerDiameter=52.900000000000006 | Pset_PipeSegmentTypeCommon.OuterDiameter=60.5,60.5,60.5,ConnectedElement,
0pe1NtE2jC$QiRfpnhK8aC,021_径違い90° 大曲がり Y:Common:41988483,021_径違い90° 大曲がり Y:Common,径違い90°大曲がりY,2FL,D 24,M121_Dドレン,SEWAGE,3,3,3gwKPxwyqquk$mkQDv4lid,Port_41988483_3,Flow,SOURCEANDSINK,PIPE,SEWAGE,,,,,,,,,,,,,,,,,接続先Portなし | 径候補なし
