GlobalId,Name,階,配管種別,系統コード,系統名称,IFC系統分類,系統所属数,外径,内径,長さ,方向区分,軸DX,軸DY,軸DZ,水平面角度_deg,勾配,Z最低,Z最高,高低差
2$VmGHsp16yBfz_qEe9DR4,配管タイプ:00_供給:40689797,5FL,配管タイプ:00_供給,CH 3,M031_CH冷温水(往),HEATING,1,60.5,52.900000000000006,4227.000000000001,立管,0.0,0.0,1.0,90.0,,3.4579999999999984,7.685,4.227000000000001
2$VmGHsp16yBfz_qEe9DRk,配管タイプ:00_供給:40689839,5FL,配管タイプ:00_供給,CHR 2,M032_CHR冷温水(還),HEATING,1,60.5,52.900000000000006,4227.000000000001,立管,0.0,0.0,1.0,90.0,,3.4579999999999984,7.685,4.227000000000001
2$VmGHsp16yBfz_qEe9DSZ,配管タイプ:00_供給:40690018,5FL,配管タイプ:00_供給,CH 3,M031_CH冷温水(往),HEATING,1,76.3,67.9,3828.0000000000027,立管,0.0,0.0,1.0,90.0,,7.749999999999998,11.578000000000001,3.828000000000003
2$VmGHsp16yBfz_qEe9DV9,配管タイプ:00_供給:40690056,5FL,配管タイプ:00_供給,CHR 2,M032_CHR冷温水(還),HEATING,1,76.3,67.9,3828.0000000000027,立管,0.0,0.0,1.0,90.0,,7.749999999999998,11.578000000000001,3.828000000000003
30ZEx8XDvFIQj6CYRYvQiL,配管タイプ:00_排水:40700254,PIT,配管タイプ:00_排水,P031_V通気 2,P031_V通気,VENT,1,76.3,67.9,10821.000000000002,立管,0.0,0.0,1.0,90.0,,6.269,17.090000000000003,10.821000000000003
30ZEx8XDvFIQj6CYRYvQig,配管タイプ:00_排水:40700257,PIT,配管タイプ:00_排水,P031_V通気 2,P031_V通気,VENT,1,76.3,67.9,2351.241789365566,立管,0.0,0.0,1.0,90.0,,14.87175821063444,17.223000000000006,2.3512417893655666
30ZEx8XDvFIQj6CYRYvQil,配管タイプ:00_排水:40700260,PIT,配管タイプ:00_排水,P031_V通気 2,P031_V通気,VENT,1,60.5,52.900000000000006,10990.000000000005,立管,0.0,0.0,1.0,90.0,,6.252000000000001,17.242000000000004,10.990000000000004
30ZEx8XDvFIQj6CYRYvQiX,配管タイプ:00_供給:40700266,PIT,配管タイプ:00_供給,X 2,P051_X屋内消火栓,FIREPROTECTION,1,34.0,27.6,21000.0,立管,0.0,0.0,1.0,90.0,,-1.75,19.25,21.0
03uRyGLF19twTrlIQhE1a0,配管タイプ:00_供給:40769045,4FL,配管タイプ:00_供給,CH 7,M031_CH冷温水(往),HEATING,1,76.3,67.9,109.0823350460806,水平管,1.0,0.0,0.0,0.0,0.0,15.661850000000001,15.738150000000001,0.07629999999999981
03uRyGLF19twTrlIQhE1aA,配管タイプ:00_供給:40769055,4FL,配管タイプ:00_供給,CHR 6,M032_CHR冷温水(還),HEATING,1,76.3,67.9,121.49128589383203,水平管,1.0,0.0,0.0,0.0,0.0,15.661850000000001,15.738150000000001,0.07629999999999981
1ac9r3PDbDQOpvhhva4cYa,配管タイプ:00_供給:40784919,5FL,配管タイプ:00_供給,CH 3,M031_CH冷温水(往),HEATING,1,89.1,80.70000000000002,3815.0000000000014,立管,0.0,0.0,1.0,90.0,,11.649999999999999,15.465,3.8150000000000013
1ac9r3PDbDQOpvhhva4cZL,配管タイプ:00_供給:40784998,5FL,配管タイプ:00_供給,CHR 2,M032_CHR冷温水(還),HEATING,1,89.1,80.70000000000002,3815.0000000000014,立管,0.0,0.0,1.0,90.0,,11.649999999999999,15.465,3.8150000000000013
1Xr6N_BwzCmBJNBoxXVfWG,配管タイプ:00_冷媒:40789108,5FL,配管タイプ:00_冷媒,R 2,M091_R冷媒2way,HEATING,1,100.0,20.0,2096.0000000000023,立管,0.0,0.0,1.0,90.0,,15.402,17.498,2.096000000000002
0cXTiyCGHAUA9HHDpgCaE7,配管タイプ:00_供給:40797074,5FL,配管タイプ:00_供給,OR 1,E_OR油(還),USERDEFINED,1,21.7,16.1,278.417918794268,水平管,1.0,0.0,0.0,0.0,0.0,16.789149062919503,16.810849062919505,0.021700000000002717
1YmQEFw6r2CwltcTVryxXa,配管タイプ:00_供給:40812320,5FL,配管タイプ:00_供給,O 2,E_O油(往),USERDEFINED,1,21.7,16.1,13746.000000000004,立管,0.0,0.0,1.0,90.0,,3.826999999999998,17.573,13.746000000000002
1YmQEFw6r2CwltcTVryyU0,配管タイプ:00_供給:40812740,5FL,配管タイプ:00_供給,O 2,E_O油(往),USERDEFINED,1,21.7,16.1,407.9999999999809,水平管,1.0,0.0,0.0,0.0,0.0,17.589149999999997,17.610849999999996,0.021699999999999164
1YmQEFw6r2CwltcTVryyQP,配管タイプ:00_供給:40813021,5FL,配管タイプ:00_供給,OR 1,E_OR油(還),USERDEFINED,1,21.7,16.1,45.99906291950226,立管,0.0,0.0,1.0,90.0,,16.727,16.772999062919503,0.04599906291950262
1YmQEFw6r2CwltcTVryyNE,配管タイプ:00_供給:40813194,5FL,配管タイプ:00_供給,O 1,E_O油(往),USERDEFINED,1,21.7,16.1,278.4179187942637,水平管,1.0,0.0,0.0,0.0,0.0,16.789149062919503,16.810849062919505,0.021700000000002717
1YmQEFw6r2CwltcTVryyNA,配管タイプ:00_供給:40813198,5FL,配管タイプ:00_供給,O 1,E_O油(往),USERDEFINED,1,21.7,16.1,45.99906291950226,立管,0.0,0.0,1.0,90.0,,16.727,16.772999062919503,0.04599906291950262
1YmQEFw6r2CwltcTVryyNv,配管タイプ:00_供給:40813245,5FL,配管タイプ:00_供給,O 1,E_O油(往),USERDEFINED,1,21.7,16.1,309.4571216597665,水平管,1.0,0.0,0.0,0.0,0.0,16.689149999999998,16.71085,0.021700000000002717
1YmQEFw6r2CwltcTVryyM1,配管タイプ:00_供給:40813253,5FL,配管タイプ:00_供給,O 1,E_O油(往),USERDEFINED,1,21.7,16.1,1053.4999999999943,水平管,0.0,1.0,0.0,0.0,0.0,16.689149999999998,16.71085,0.021700000000002717
1YmQEFw6r2CwltcTVryyM9,配管タイプ:00_供給:40813261,5FL,配管タイプ:00_供給,O 1,E_O油(往),USERDEFINED,1,21.7,16.1,944.2076949290625,水平管,1.0,0.0,0.0,0.0,0.0,17.189149999999998,17.21085,0.021700000000002717
1YmQEFw6r2CwltcTVryyMp,配管タイプ:00_供給:40813303,5FL,配管タイプ:00_供給,O 1,E_O油(往),USERDEFINED,1,21.7,16.1,445.99999999999824,立管,0.0,0.0,1.0,90.0,,16.727,17.173,0.44599999999999795
1YmQEFw6r2CwltcTVryyHH,配管タイプ:00_供給:40813333,5FL,配管タイプ:00_供給,OR 1,E_OR油(還),USERDEFINED,1,21.7,16.1,526.8540743068462,水平管,1.0,0.0,0.0,0.0,0.0,16.689149999999998,16.71085,0.021700000000002717
1YmQEFw6r2CwltcTVryyHV,配管タイプ:00_供給:40813339,5FL,配管タイプ:00_供給,OR 1,E_OR油(還),USERDEFINED,1,21.7,16.1,1945.9638697342277,水平管,0.0,1.0,0.0,0.0,0.0,16.689149999999998,16.71085,0.021700000000002717
1YmQEFw6r2CwltcTVryyHd,配管タイプ:00_供給:40813347,5FL,配管タイプ:00_供給,OR 1,E_OR油(還),USERDEFINED,1,21.7,16.1,506.81074228198304,水平管,1.0,0.0,0.0,0.0,0.0,17.189149999999998,17.21085,0.021700000000002717
1YmQEFw6r2CwltcTVryyGT,配管タイプ:00_供給:40813401,5FL,配管タイプ:00_供給,OR 1,E_OR油(還),USERDEFINED,1,21.7,16.1,446.0000000000004,立管,0.0,0.0,1.0,90.0,,16.727,17.173000000000002,0.4460000000000015
1YmQEFw6r2CwltcTVryyDM,配管タイプ:00_供給:40813586,5FL,配管タイプ:00_供給,O 2,E_O油(往),USERDEFINED,1,21.7,16.1,345.3530130718223,水平管,1.0,0.0,0.0,0.0,0.0,19.089149999999997,19.11085,0.021700000000002717
1YmQEFw6r2CwltcTVryyCc,配管タイプ:00_供給:40813666,5FL,配管タイプ:00_供給,O 2,E_O油(往),USERDEFINED,1,21.7,16.1,646.0000000000134,水平管,0.0,1.0,0.0,0.0,0.0,16.689149999999998,16.71085,0.021700000000002717
1YmQEFw6r2CwltcTVryyCq,配管タイプ:00_供給:40813680,5FL,配管タイプ:00_供給,O 2,E_O油(往),USERDEFINED,1,21.7,16.1,846.0000000000005,立管,0.0,0.0,1.0,90.0,,16.727,17.573,0.8460000000000001
1YmQEFw6r2CwltcTVryyFh,配管タイプ:00_供給:40813743,5FL,配管タイプ:00_供給,O 2,E_O油(往),USERDEFINED,1,21.7,16.1,2345.999999999878,立管,0.0,0.0,1.0,90.0,,16.727,19.07299999999988,2.3459999999998793
1YmQEFw6r2CwltcTVryyEf,配管タイプ:00_供給:40813805,5FL,配管タイプ:00_供給,O 2,E_O油(往),USERDEFINED,1,21.7,16.1,805.99999999999,水平管,1.0,0.0,0.0,0.0,0.0,16.689149999999998,16.71085,0.021700000000002717
1YmQEFw6r2CwltcTVryy8p,配管タイプ:00_供給:40813943,5FL,配管タイプ:00_供給,OR 1,E_OR油(還),USERDEFINED,1,21.7,16.1,165.9999999999969,水平管,1.0,0.0,0.0,0.0,0.0,16.689149999999998,16.71085,0.021700000000002717
0sIT3JH9X5JfwkUDQ1b6d_,配管タイプ:00_供給:40829976,1FL,配管タイプ:00_供給,O 2,E_O油(往),USERDEFINED,1,21.7,16.1,3773.000000000003,立管,0.0,0.0,1.0,90.0,,0.0,3.7730000000000032,3.7730000000000032
0sIT3JH9X5JfwkUDQ1b6bE,配管タイプ:00_供給:40830120,1FL,配管タイプ:00_供給,O 2,E_O油(往),USERDEFINED,1,21.7,16.1,6440.690385187323,水平管,1.0,0.0,0.0,0.0,0.0,3.7891500000000002,3.8108500000000003,0.021700000000000053
1$rgajjQrCDg9Lz3xmtPcM,配管タイプ:00_供給:40899380,5FL,配管タイプ:00_供給,－ 11,M112_W加湿給水,DOMESTICCOLDWATER,1,42.7,35.7,4024.0000000000036,立管,0.0,0.0,1.0,90.0,,11.637999999999998,15.662000000000003,4.0240000000000045
1$rgajjQrCDg9Lz3xmtPPQ,配管タイプ:00_供給:40902263,4FL,配管タイプ:00_供給,－ 11,M112_W加湿給水,DOMESTICCOLDWATER,1,42.7,35.7,162.00000000000648,立管,0.0,0.0,1.0,90.0,,15.738000000000001,15.900000000000007,0.16200000000000614
1$rgajjQrCDg9Lz3xmtQRL,配管タイプ:00_供給:40906488,5FL,配管タイプ:00_供給,O 2,E_O油(往),USERDEFINED,1,21.7,16.1,472.77194647418736,水平管,1.0,0.0,0.0,0.0,0.0,17.589149999999997,17.61085,0.021700000000002717
1$rgajjQrCDg9Lz3xmtQSs,配管タイプ:00_供給:40906523,5FL,配管タイプ:00_供給,O 2,E_O油(往),USERDEFINED,1,21.7,16.1,2705.5118002599834,水平管,0.0,1.0,0.0,0.0,0.0,17.589149999999997,17.61085,0.021700000000002717
2lIqKSD6992hLpETaqt1$S,配管タイプ:00_排水:41449930,1FL,配管タイプ:00_排水,D 24,M121_Dドレン,SEWAGE,1,60.5,52.900000000000006,444.000000000003,水平管,1.0,0.0,0.0,0.0,0.0,-0.48025000000000007,-0.41974999999999996,0.06050000000000011
2lIqKSD6992hLpETaqt1Z8,配管タイプ:00_排水:41451230,PIT,配管タイプ:00_排水,P031_V通気 2,P031_V通気,VENT,1,76.3,67.9,2221.000000000005,立管,0.0,0.0,1.0,90.0,,-0.18999999999999995,2.031000000000005,2.221000000000005
2lIqKSD6992hLpETaqt1df,配管タイプ:00_排水:41451519,PIT,配管タイプ:00_排水,P031_V通気 2,P031_V通気,VENT,1,60.5,52.900000000000006,2498.0000000000073,立管,0.0,0.0,1.0,90.0,,-0.44999999999999996,2.048000000000007,2.4980000000000073
26AhlNQKnFbPLALnqrFsja,配管タイプ:00_排水:41458069,1FL,配管タイプ:00_排水,D 24,M121_Dドレン,SEWAGE,1,60.5,52.900000000000006,492.9999999999921,立管,0.0,0.0,1.0,90.0,,-1.0010000000000001,-0.508000000000008,0.4929999999999921
26AhlNQKnFbPLALnqrFsjf,配管タイプ:00_排水:41458072,1FL,配管タイプ:00_排水,D 24,M121_Dドレン,SEWAGE,1,76.3,67.9,4008.999999999998,水平管,0.0,1.0,0.0,0.0,0.0,-1.13815,-1.0618500000000002,0.07629999999999981
2ya0mA1vr8Nx6iYTzE8Wvb,配管タイプ:00_供給:41463869,PIT,配管タイプ:00_供給,－ 2,P011_W上水,DOMESTICCOLDWATER,1,60.5,57.5,52.10000000000223,立管,0.0,0.0,1.0,90.0,,6.0989,6.1510000000000025,0.052100000000002034
2ya0mA1vr8Nx6iYTzE8Wuv,配管タイプ:00_供給:41463905,PIT,配管タイプ:00_供給,－ 2,P011_W上水,DOMESTICCOLDWATER,1,60.5,57.5,57.200000000001076,立管,0.0,0.0,1.0,90.0,,5.943800000000001,6.001000000000002,0.057200000000000806
2ya0mA1vr8Nx6iYTzE8Wzf,配管タイプ:00_供給:41464113,PIT,配管タイプ:00_供給,－ 2,P011_W上水,DOMESTICCOLDWATER,1,60.5,57.5,891.000000000001,立管,0.0,0.0,1.0,90.0,,2.1489000000000003,3.039900000000001,0.8910000000000009
2WDT0QapDCK8TwSXcPA_Bw,配管タイプ:00_排水:41480699,PIT,配管タイプ:00_排水,P031_V通気 2,P031_V通気,VENT,1,76.3,67.9,3962.0000000000105,立管,0.0,0.0,1.0,90.0,,2.169,6.131000000000011,3.962000000000011
2WDT0QapDCK8TwSXcPA_0D,配管タイプ:00_排水:41480972,PIT,配管タイプ:00_排水,P031_V通気 2,P031_V通気,VENT,1,60.5,52.900000000000006,3996.0000000000014,立管,0.0,0.0,1.0,90.0,,2.152,6.1480000000000015,3.9960000000000013
25dTy1oBL21uxry3jY44S7,配管タイプ:00_供給:41529706,1FL,配管タイプ:00_供給,－ 2,P011_W上水,DOMESTICCOLDWATER,1,60.5,57.5,956.1000000000016,立管,0.0,0.0,1.0,90.0,,0.8,1.7561000000000018,0.9561000000000017
25dTy1oBL21uxry3jY44VV,配管タイプ:00_供給:41529778,PIT,配管タイプ:00_供給,－ 2,P011_W上水,DOMESTICCOLDWATER,1,60.5,57.5,52.10000000000115,立管,0.0,0.0,1.0,90.0,,1.9989,2.051000000000001,0.052100000000001145
25dTy1oBL21uxry3jY44VL,配管タイプ:00_供給:41529784,PIT,配管タイプ:00_供給,－ 2,P011_W上水,DOMESTICCOLDWATER,1,60.5,57.5,57.19999999999999,立管,0.0,0.0,1.0,90.0,,1.8438000000000003,1.9010000000000002,0.05719999999999992
0CG8h9CIL0Q8k4mhgA6vIh,配管タイプ:00_排水:41566558,1FL,配管タイプ:00_排水,D 7,M121_Dドレン,SEWAGE,1,60.5,52.900000000000006,829.9999999999945,立管,0.0,0.0,1.0,90.0,,-0.765,0.0649999999999945,0.8299999999999945
0CG8h9CIL0Q8k4mhgA6vGe,配管タイプ:00_排水:41566685,1FL,配管タイプ:00_排水,D 11,M121_Dドレン,SEWAGE,1,60.5,52.900000000000006,829.9999999999945,立管,0.0,0.0,1.0,90.0,,-0.765,0.0649999999999945,0.8299999999999945
0CG8h9CIL0Q8k4mhgA6v2Q,配管タイプ:00_排水:41567599,1FL,配管タイプ:00_排水,D 10,M121_Dドレン,SEWAGE,1,60.5,52.900000000000006,914.9999999999949,立管,0.0,0.0,1.0,90.0,,-0.915,-5.10702591327572e-15,0.9149999999999949
0eLM4vM5jAygjA1FFPEdi9,配管タイプ:00_供給:41573751,4FL,配管タイプ:00_供給,－ 11,M112_W加湿給水,DOMESTICCOLDWATER,1,27.2,21.6,155.72003348872556,水平管,1.0,0.0,0.0,0.0,0.0,15.686400000000004,15.713600000000003,0.02719999999999878
2s0miY2LL7VPzA9lwxWjmA,配管タイプ:00_供給:41582430,5FL,配管タイプ:00_供給,CH 7,M031_CH冷温水(往),HEATING,1,114.30000000000001,105.3,1710.0000000000596,立管,0.0,0.0,1.0,90.0,,15.777999999999999,17.48800000000006,1.7100000000000612
2s0miY2LL7VPzA9lwxWjms,配管タイプ:00_供給:41582434,5FL,配管タイプ:00_供給,CHR 6,M032_CHR冷温水(還),HEATING,1,114.30000000000001,105.3,1710.000000000014,立管,0.0,0.0,1.0,90.0,,15.777999999999999,17.488000000000014,1.710000000000015
2s0miY2LL7VPzA9lwxWY94,配管タイプ:00_排水:41582864,5FL,配管タイプ:00_排水,D 3,M121_Dドレン,SEWAGE,1,76.3,67.9,12500.0,立管,0.0,0.0,1.0,90.0,,-0.7510000000000012,11.748999999999999,12.5
2s0miY2LL7VPzA9lwxWY85,配管タイプ:00_供給:41582929,3FL,配管タイプ:00_供給,CH 9,M031_CH冷温水(往),HEATING,1,76.3,67.9,99.08233504608721,水平管,1.0,0.0,0.0,0.0,0.0,11.56185,11.63815,0.07629999999999981
2s0miY2LL7VPzA9lwxWY87,配管タイプ:00_供給:41582931,3FL,配管タイプ:00_供給,CHR 9,M032_CHR冷温水(還),HEATING,1,76.3,67.9,111.49128589383864,水平管,1.0,0.0,0.0,0.0,0.0,11.56185,11.63815,0.07629999999999981
2s0miY2LL7VPzA9lwxWYBh,配管タイプ:00_供給:41583039,3FL,配管タイプ:00_供給,－ 11,M112_W加湿給水,DOMESTICCOLDWATER,1,27.2,21.6,145.72003348873218,水平管,1.0,0.0,0.0,0.0,0.0,11.586400000000001,11.613599999999998,0.027199999999997004
2s0miY2LL7VPzA9lwxWY74,配管タイプ:00_排水:41583248,5FL,配管タイプ:00_排水,D 3,M121_Dドレン,SEWAGE,1,76.3,67.9,1387.999999999992,立管,0.0,0.0,1.0,90.0,,11.911999999999999,13.299999999999992,1.3879999999999928
3inpcJnLr5Wh9YciPQ$$bw,配管タイプ:00_供給:41584124,1FL,配管タイプ:00_供給,CH 5,M031_CH冷温水(往),HEATING,1,60.5,52.900000000000006,122.08233504608631,水平管,1.0,0.0,0.0,0.0,0.0,3.36975,3.43025,0.06050000000000022
3inpcJnLr5Wh9YciPQ$$bu,配管タイプ:00_供給:41584126,1FL,配管タイプ:00_供給,CHR 5,M032_CHR冷温水(還),HEATING,1,60.5,52.900000000000006,134.49128589384208,水平管,1.0,0.0,0.0,0.0,0.0,3.36975,3.43025,0.06050000000000022
3inpcJnLr5Wh9YciPQ$$hk,配管タイプ:00_供給:41584232,1FL,配管タイプ:00_供給,－ 11,M112_W加湿給水,DOMESTICCOLDWATER,1,27.2,21.6,145.72003348872352,水平管,1.0,0.0,0.0,0.0,0.0,3.3863999999999996,3.4136,0.027200000000000557
3inpcJnLr5Wh9YciPQ$$UT,配管タイプ:00_供給:41585435,2FL,配管タイプ:00_供給,CH 1,M031_CH冷温水(往),HEATING,1,60.5,52.900000000000006,90.08233504607625,水平管,1.0,0.0,0.0,0.0,0.0,7.46975,7.53025,0.06049999999999933
3inpcJnLr5Wh9YciPQ$$UR,配管タイプ:00_供給:41585437,2FL,配管タイプ:00_供給,CHR 1,M032_CHR冷温水(還),HEATING,1,60.5,52.900000000000006,102.49128589382768,水平管,1.0,0.0,0.0,0.0,0.0,7.46975,7.53025,0.06049999999999933
3inpcJnLr5Wh9YciPQ$$V9,配管タイプ:00_供給:41585487,2FL,配管タイプ:00_供給,－ 11,M112_W加湿給水,DOMESTICCOLDWATER,1,27.2,21.6,145.72003348872352,水平管,1.0,0.0,0.0,0.0,0.0,7.4864,7.5136,0.027200000000000557
3inpcJnLr5Wh9YciPQ$$6_,配管タイプ:00_供給:41585976,5FL,配管タイプ:00_供給,－ 11,M112_W加湿給水,DOMESTICCOLDWATER,1,42.7,35.7,4024.0000000000014,立管,0.0,0.0,1.0,90.0,,7.5379999999999985,11.562000000000001,4.024000000000003
3inpcJnLr5Wh9YciPQ$$76,配管タイプ:00_供給:41585984,5FL,配管タイプ:00_供給,－ 11,M112_W加湿給水,DOMESTICCOLDWATER,1,42.7,35.7,4024.0000000000036,立管,0.0,0.0,1.0,90.0,,3.437999999999999,7.462000000000002,4.024000000000004
09qnPcuf90ug4Az8aUTknI,配管タイプ:00_供給:41587369,PIT,配管タイプ:00_供給,－ 2,P011_W上水,DOMESTICCOLDWATER,1,60.5,57.5,11000.65000000001,立管,0.0,0.0,1.0,90.0,,6.248900000000001,17.249550000000013,11.000650000000013
0cvR1_ETfB2e064iFLIaZR,配管タイプ:00_排水:41591026,5FL,配管タイプ:00_排水,P031_V通気 2 | ) 1,P031_V通気 | P021_D汚水,VENT | SEWAGE,2,114.30000000000001,105.3,1516.241789365572,立管,0.0,0.0,1.0,90.0,,15.671758210634426,17.188,1.5162417893655729
0cvR1_ETfB2e064iFLIatt,配管タイプ:00_排水:41592286,PIT,配管タイプ:00_排水,) 1,P021_D汚水,SEWAGE,1,114.30000000000001,105.3,11878.000000000035,立管,0.0,0.0,1.0,90.0,,-0.988,10.890000000000036,11.878000000000036
0cvR1_ETfB2e064iFLIa3a,配管タイプ:00_排水:41593037,PIT,配管タイプ:00_排水,) 1,P021_D汚水,SEWAGE,1,114.30000000000001,105.3,4476.758210634398,立管,0.0,0.0,1.0,90.0,,11.11,15.586758210634397,4.476758210634397
0cvR1_ETfB2e064iFLIa93,配管タイプ:00_排水:41593450,PIT,配管タイプ:00_排水,P022_D雑排水 1,P022_D雑排水,SEWAGE,1,76.3,67.9,15824.758210634438,立管,0.0,0.0,1.0,90.0,,-1.0230000000000001,14.80175821063444,15.824758210634439
3g_hUfrM11BR0pCRQT93I8,配管タイプ:00_供給:41970964,PIT,配管タイプ:00_供給,－ 2,P011_W上水,DOMESTICCOLDWATER,1,60.5,57.5,2146.000000000002,立管,0.0,0.0,1.0,90.0,,3.7100999999999997,5.856100000000001,2.1460000000000017
3g_hUfrM11BR0pCRQT92Z$,配管タイプ:00_供給:41972067,1FL,配管タイプ:00_供給,X 1,P051_X屋内消火栓,FIREPROTECTION,1,76.3,67.9,13453.949999999999,立管,0.0,0.0,1.0,90.0,,3.719,17.17295,13.45395
3g_hUfrM11BR0pCRQT92ls,配管タイプ:00_供給:41972330,1FL,配管タイプ:00_供給,X 1,P051_X屋内消火栓,FIREPROTECTION,1,76.3,67.9,204.0000000000029,立管,0.0,0.0,1.0,90.0,,3.3770000000000002,3.581000000000003,0.20400000000000285
0pe1NtE2jC$QiRfpnhK8rz,配管タイプ:00_排水:41988439,4FL,配管タイプ:00_排水,D 24,M121_Dドレン,SEWAGE,1,60.5,52.900000000000006,8075.000000000006,立管,0.0,0.0,1.0,90.0,,6.748,14.823000000000008,8.075000000000006
0pe1NtE2jC$QiRfpnhK8bp,配管タイプ:00_排水:41988484,4FL,配管タイプ:00_排水,D 24,M121_Dドレン,SEWAGE,1,60.5,52.900000000000006,7015.000000000005,立管,0.0,0.0,1.0,90.0,,-0.39199999999999946,6.6230000000000055,7.015000000000005
3i6NT3lWD4BeNkr3J2NS9S,配管タイプ:00_冷媒:42163010,2FL,配管タイプ:00_冷媒,R 12,M091_R冷媒2way,HEATING,1,100.0,20.0,998.0823350460864,水平管,1.0,0.0,0.0,0.0,0.0,4.75,4.85,0.09999999999999964
3i6NT3lWD4BeNkr3J2NS9T,配管タイプ:00_冷媒:42163011,2FL,配管タイプ:00_冷媒,R 12,M091_R冷媒2way,HEATING,1,100.0,20.0,3551.9674990586227,水平管,0.0,1.0,0.0,0.0,0.0,4.75,4.85,0.09999999999999964
3i6NT3lWD4BeNkr3J2NS9Q,配管タイプ:00_冷媒:42163012,2FL,配管タイプ:00_冷媒,R 15,M091_R冷媒2way,HEATING,1,100.0,20.0,749.9999999999984,水平管,0.0,1.0,0.0,0.0,0.0,4.75,4.85,0.09999999999999964
3i6NT3lWD4BeNkr3J2NS9R,配管タイプ:00_冷媒:42163013,2FL,配管タイプ:00_冷媒,R 15,M091_R冷媒2way,HEATING,1,100.0,20.0,3104.8000000000134,水平管,1.0,0.0,0.0,0.0,0.0,4.75,4.85,0.09999999999999964
3i6NT3lWD4BeNkr3J2NS9O,配管タイプ:00_冷媒:42163014,2FL,配管タイプ:00_冷媒,R 12,M091_R冷媒2way,HEATING,1,100.0,20.0,6979.005378779376,水平管,0.0,1.0,0.0,0.0,0.0,4.75,4.85,0.09999999999999964
3i6NT3lWD4BeNkr3J2NS9P,配管タイプ:00_冷媒:42163015,2FL,配管タイプ:00_冷媒,R 15,M091_R冷媒2way,HEATING,1,100.0,20.0,750.0000000000288,水平管,0.0,1.0,0.0,0.0,0.0,4.75,4.85,0.09999999999999964
3i6NT3lWD4BeNkr3J2NS9M,配管タイプ:00_冷媒:42163016,2FL,配管タイプ:00_冷媒,R 15,M091_R冷媒2way,HEATING,1,100.0,20.0,497.49999999999517,水平管,1.0,0.0,0.0,0.0,0.0,4.75,4.85,0.09999999999999964
3i6NT3lWD4BeNkr3J2NS9K,配管タイプ:00_冷媒:42163018,2FL,配管タイプ:00_冷媒,R 15,M091_R冷媒2way,HEATING,1,100.0,20.0,597.4999999999898,水平管,1.0,0.0,0.0,0.0,0.0,4.75,4.85,0.09999999999999964
3i6NT3lWD4BeNkr3J2NS9J,配管タイプ:00_冷媒:42163021,2FL,配管タイプ:00_冷媒,R 12,M091_R冷媒2way,HEATING,1,100.0,20.0,1984.9999999994102,水平管,0.0,1.0,0.0,0.0,0.0,4.75,4.85,0.09999999999999964
3i6NT3lWD4BeNkr3J2NS9G,配管タイプ:00_冷媒:42163022,2FL,配管タイプ:00_冷媒,R 12,M091_R冷媒2way,HEATING,1,100.0,20.0,999.999999999959,水平管,1.0,0.0,0.0,0.0,0.0,4.75,4.85,0.09999999999999964
3i6NT3lWD4BeNkr3J2NS9E,配管タイプ:00_冷媒:42163024,2FL,配管タイプ:00_冷媒,R 12,M091_R冷媒2way,HEATING,1,100.0,20.0,4134.80000000003,水平管,1.0,0.0,0.0,0.0,0.0,4.75,4.85,0.09999999999999964
3i6NT3lWD4BeNkr3J2NS9A,配管タイプ:00_排水:42163028,2FL,配管タイプ:00_排水,D 16,M121_Dドレン,SEWAGE,1,48.6,41.6,2820.999999999991,水平管,1.0,0.0,0.0,0.0,0.0,4.675699999999999,4.7242999999999995,0.04860000000000042
3i6NT3lWD4BeNkr3J2NS9B,配管タイプ:00_排水:42163029,2FL,配管タイプ:00_排水,D 49,M121_Dドレン,SEWAGE,1,48.6,41.6,4929.999999999968,水平管,1.0,0.0,0.0,0.0,0.0,4.675699999999999,4.7242999999999995,0.04860000000000042
3i6NT3lWD4BeNkr3J2NS98,配管タイプ:00_排水:42163030,2FL,配管タイプ:00_排水,D 35,M121_Dドレン,SEWAGE,1,34.0,27.6,297.4999999999973,水平管,1.0,0.0,0.0,0.0,0.0,4.683,4.717,0.03399999999999981
3i6NT3lWD4BeNkr3J2NS99,配管タイプ:00_排水:42163031,2FL,配管タイプ:00_排水,D 47,M121_Dドレン,SEWAGE,1,34.0,27.6,740.9946212206037,水平管,0.0,1.0,0.0,0.0,0.0,4.682999999999999,4.717,0.034000000000000696
3i6NT3lWD4BeNkr3J2NS94,配管タイプ:00_排水:42163034,2FL,配管タイプ:00_排水,D 37,M121_Dドレン,SEWAGE,1,48.6,41.6,166.21725763619293,水平管,1.0,0.0,0.0,0.0,0.0,4.675699999999999,4.7242999999999995,0.04860000000000042
3i6NT3lWD4BeNkr3J2NS95,配管タイプ:00_排水:42163035,2FL,配管タイプ:00_排水,D 38,M121_Dドレン,SEWAGE,1,34.0,27.6,297.4999999999973,水平管,1.0,0.0,0.0,0.0,0.0,4.682999999999999,4.717,0.034000000000000696
3i6NT3lWD4BeNkr3J2NS92,配管タイプ:00_排水:42163036,2FL,配管タイプ:00_排水,D 48,M121_Dドレン,SEWAGE,1,34.0,27.6,740.9946212205734,水平管,0.0,1.0,0.0,0.0,0.0,4.683,4.717,0.03399999999999981
3i6NT3lWD4BeNkr3J2NS91,配管タイプ:00_排水:42163039,2FL,配管タイプ:00_排水,D 49,M121_Dドレン,SEWAGE,1,48.6,41.6,259.0053787793682,水平管,0.0,1.0,0.0,0.0,0.0,4.675699999999999,4.7242999999999995,0.04860000000000042
3i6NT3lWD4BeNkr3J2NSAY,配管タイプ:00_冷媒:42163132,4FL,配管タイプ:00_冷媒,R 16,M091_R冷媒2way,HEATING,1,100.0,20.0,840.9946212206027,水平管,0.0,1.0,0.0,0.0,0.0,12.950000000000001,13.049999999999999,0.09999999999999787
3i6NT3lWD4BeNkr3J2NSAZ,配管タイプ:00_冷媒:42163133,4FL,配管タイプ:00_冷媒,R 16,M091_R冷媒2way,HEATING,1,100.0,20.0,998.0823350462164,水平管,1.0,0.0,0.0,0.0,0.0,12.950000000000001,13.049999999999999,0.09999999999999787
3i6NT3lWD4BeNkr3J2NSAW,配管タイプ:00_冷媒:42163134,4FL,配管タイプ:00_冷媒,R 16,M091_R冷媒2way,HEATING,1,100.0,20.0,2004.9999999994618,水平管,0.0,1.0,0.0,0.0,0.0,12.950000000000001,13.049999999999999,0.09999999999999787
3i6NT3lWD4BeNkr3J2NSBU,配管タイプ:00_冷媒:42163136,4FL,配管タイプ:00_冷媒,R 16,M091_R冷媒2way,HEATING,1,100.0,20.0,6659.005378779362,水平管,0.0,1.0,0.0,0.0,0.0,12.950000000000001,13.049999999999999,0.09999999999999787
3i6NT3lWD4BeNkr3J2NSBV,配管タイプ:00_冷媒:42163137,4FL,配管タイプ:00_冷媒,R 16,M091_R冷媒2way,HEATING,1,100.0,20.0,3201.967499058609,水平管,0.0,1.0,0.0,0.0,0.0,12.950000000000001,13.049999999999999,0.09999999999999787
3i6NT3lWD4BeNkr3J2NSBT,配管タイプ:00_冷媒:42163139,4FL,配管タイプ:00_冷媒,R 16,M091_R冷媒2way,HEATING,1,100.0,20.0,3004.800000000023,水平管,1.0,0.0,0.0,0.0,0.0,12.950000000000001,13.049999999999999,0.09999999999999787
3i6NT3lWD4BeNkr3J2NSBO,配管タイプ:00_冷媒:42163142,4FL,配管タイプ:00_冷媒,R 17,M091_R冷媒2way,HEATING,1,100.0,20.0,937.9946212206412,水平管,0.0,1.0,0.0,0.0,0.0,12.950000000000001,13.049999999999999,0.09999999999999787
3i6NT3lWD4BeNkr3J2NSBP,配管タイプ:00_冷媒:42163143,4FL,配管タイプ:00_冷媒,R 17,M091_R冷媒2way,HEATING,1,100.0,20.0,518.8244525422994,水平管,1.0,0.0,0.0,0.0,0.0,12.950000000000001,13.049999999999999,0.09999999999999787
3i6NT3lWD4BeNkr3J2NSBN,配管タイプ:00_冷媒:42163145,4FL,配管タイプ:00_冷媒,R 16,M091_R冷媒2way,HEATING,1,100.0,20.0,523.6244525423069,水平管,1.0,0.0,0.0,0.0,0.0,12.950000000000001,13.049999999999999,0.09999999999999787
3i6NT3lWD4BeNkr3J2NSBJ,配管タイプ:00_冷媒:42163149,4FL,配管タイプ:00_冷媒,R 16,M091_R冷媒2way,HEATING,1,100.0,20.0,4034.80000000004,水平管,1.0,0.0,0.0,0.0,0.0,12.950000000000001,13.049999999999999,0.09999999999999787
3i6NT3lWD4BeNkr3J2NSBH,配管タイプ:00_排水:42163151,4FL,配管タイプ:00_排水,D 40,M121_Dドレン,SEWAGE,1,48.6,41.6,2820.999999999993,水平管,1.0,0.0,0.0,0.0,0.0,12.875699999999997,12.924299999999999,0.0486000000000022
3i6NT3lWD4BeNkr3J2NSBE,配管タイプ:00_排水:42163152,4FL,配管タイプ:00_排水,D 46,M121_Dドレン,SEWAGE,1,48.6,41.6,1925.19999999995,水平管,1.0,0.0,0.0,0.0,0.0,12.8757,12.9243,0.04860000000000042
3i6NT3lWD4BeNkr3J2NSBF,配管タイプ:00_排水:42163153,4FL,配管タイプ:00_排水,D 34,M121_Dドレン,SEWAGE,1,34.0,27.6,218.82445254227665,水平管,1.0,0.0,0.0,0.0,0.0,12.883,12.917000000000002,0.03400000000000247
3i6NT3lWD4BeNkr3J2NSBC,配管タイプ:00_排水:42163154,4FL,配管タイプ:00_排水,D 43,M121_Dドレン,SEWAGE,1,34.0,27.6,740.9946212206037,水平管,0.0,1.0,0.0,0.0,0.0,12.883,12.917000000000002,0.03400000000000247
3i6NT3lWD4BeNkr3J2NSBB,配管タイプ:00_排水:42163157,4FL,配管タイプ:00_排水,D 44,M121_Dドレン,SEWAGE,1,60.5,52.900000000000006,106.96725763617174,水平管,1.0,0.0,0.0,0.0,0.0,12.869750000000002,12.93025,0.060499999999997556
3i6NT3lWD4BeNkr3J2NSB8,配管タイプ:00_排水:42163158,4FL,配管タイプ:00_排水,D 39,M121_Dドレン,SEWAGE,1,34.0,27.6,223.62445254231454,水平管,1.0,0.0,0.0,0.0,0.0,12.883,12.917000000000002,0.03400000000000247
3i6NT3lWD4BeNkr3J2NSB9,配管タイプ:00_排水:42163159,4FL,配管タイプ:00_排水,D 45,M121_Dドレン,SEWAGE,1,34.0,27.6,740.9946212205734,水平管,0.0,1.0,0.0,0.0,0.0,12.883,12.917000000000002,0.03400000000000247
3i6NT3lWD4BeNkr3J2NSB4,配管タイプ:00_排水:42163162,4FL,配管タイプ:00_排水,D 41,M121_Dドレン,SEWAGE,1,48.6,41.6,3004.8000000000184,水平管,1.0,0.0,0.0,0.0,0.0,12.875699999999997,12.924299999999999,0.0486000000000022
3i6NT3lWD4BeNkr3J2NSB5,配管タイプ:00_排水:42163163,4FL,配管タイプ:00_排水,D 46,M121_Dドレン,SEWAGE,1,60.5,52.900000000000006,259.0053787793769,水平管,0.0,1.0,0.0,0.0,0.0,12.869750000000002,12.93025,0.060499999999997556
3i6NT3lWD4BeNkr3J2NSLg,配管タイプ:00_冷媒:42163316,5FL,配管タイプ:00_冷媒,R 18,M091_R冷媒2way,HEATING,1,100.0,20.0,1166.8848282755375,水平管,1.0,0.0,0.0,0.0,0.0,17.049999999999997,17.15,0.10000000000000142
3i6NT3lWD4BeNkr3J2NSLh,配管タイプ:00_冷媒:42163317,5FL,配管タイプ:00_冷媒,R 19,M091_R冷媒2way,HEATING,1,100.0,20.0,1064.8848282755607,水平管,1.0,0.0,0.0,0.0,0.0,17.049999999999997,17.15,0.10000000000000142
3i6NT3lWD4BeNkr3J2NSLe,配管タイプ:00_冷媒:42163318,5FL,配管タイプ:00_冷媒,R 20,M091_R冷媒2way,HEATING,1,100.0,20.0,1167.751210879249,水平管,1.0,0.0,0.0,0.0,0.0,17.049999999999997,17.149999999999995,0.09999999999999787
3i6NT3lWD4BeNkr3J2NSLd,配管タイプ:00_冷媒:42163321,5FL,配管タイプ:00_冷媒,R 21,M091_R冷媒2way,HEATING,1,100.0,20.0,1064.8848282755607,水平管,1.0,0.0,0.0,0.0,0.0,17.049999999999997,17.15,0.10000000000000142
3i6NT3lWD4BeNkr3J2NSLa,配管タイプ:00_冷媒:42163322,5FL,配管タイプ:00_冷媒,R 18,M091_R冷媒2way,HEATING,1,100.0,20.0,15031.032836678409,水平管,1.0,0.0,0.0,0.0,0.0,17.049999999999997,17.15,0.10000000000000142
3i6NT3lWD4BeNkr3J2NSLb,配管タイプ:00_冷媒:42163323,5FL,配管タイプ:00_冷媒,R 19,M091_R冷媒2way,HEATING,1,100.0,20.0,648.5114138927805,水平管,1.0,0.0,0.0,0.0,0.0,17.049999999999997,17.15,0.10000000000000142
3i6NT3lWD4BeNkr3J2NSLY,配管タイプ:00_冷媒:42163324,5FL,配管タイプ:00_冷媒,R 19,M091_R冷媒2way,HEATING,1,100.0,20.0,417.6421489296158,水平管,0.0,1.0,0.0,0.0,0.0,17.049999999999997,17.149999999999995,0.09999999999999787
3i6NT3lWD4BeNkr3J2NSLZ,配管タイプ:00_冷媒:42163325,5FL,配管タイプ:00_冷媒,R 19,M091_R冷媒2way,HEATING,1,100.0,20.0,733.4885861072615,水平管,1.0,0.0,0.0,0.0,0.0,17.049999999999997,17.149999999999995,0.09999999999999787
3i6NT3lWD4BeNkr3J2NSLX,配管タイプ:00_冷媒:42163327,5FL,配管タイプ:00_冷媒,R 21,M091_R冷媒2way,HEATING,1,100.0,20.0,2426.9674990584213,水平管,0.0,1.0,0.0,0.0,0.0,17.049999999999997,17.149999999999995,0.09999999999999787
3i6NT3lWD4BeNkr3J2NSMU,配管タイプ:00_冷媒:42163328,5FL,配管タイプ:00_冷媒,R 18,M091_R冷媒2way,HEATING,1,100.0,20.0,3416.9674990583035,水平管,0.0,1.0,0.0,0.0,0.0,17.049999999999997,17.149999999999995,0.09999999999999787
3i6NT3lWD4BeNkr3J2NSMV,配管タイプ:00_冷媒:42163329,5FL,配管タイプ:00_冷媒,R 18,M091_R冷媒2way,HEATING,1,100.0,20.0,2100.000000000053,水平管,1.0,0.0,0.0,0.0,0.0,17.049999999999997,17.15,0.10000000000000142
3i6NT3lWD4BeNkr3J2NSMS,配管タイプ:00_冷媒:42163330,5FL,配管タイプ:00_冷媒,R 21,M091_R冷媒2way,HEATING,1,100.0,20.0,580.0000000000284,水平管,1.0,0.0,0.0,0.0,0.0,17.049999999999997,17.15,0.10000000000000142
3i6NT3lWD4BeNkr3J2NSMT,配管タイプ:00_冷媒:42163331,5FL,配管タイプ:00_冷媒,R 21,M091_R冷媒2way,HEATING,1,100.0,20.0,1200.0000000000466,水平管,1.0,0.0,0.0,0.0,0.0,17.049999999999997,17.15,0.10000000000000142
3i6NT3lWD4BeNkr3J2NSMR,配管タイプ:00_冷媒:42163333,5FL,配管タイプ:00_冷媒,R 19,M091_R冷媒2way,HEATING,1,100.0,20.0,15851.032836678478,水平管,1.0,0.0,0.0,0.0,0.0,17.049999999999997,17.15,0.10000000000000142
3i6NT3lWD4BeNkr3J2NSMO,配管タイプ:00_冷媒:42163334,5FL,配管タイプ:00_冷媒,R 21,M091_R冷媒2way,HEATING,1,100.0,20.0,15453.032836678418,水平管,1.0,0.0,0.0,0.0,0.0,17.049999999999997,17.15,0.10000000000000142
3i6NT3lWD4BeNkr3J2NSMP,配管タイプ:00_冷媒:42163335,5FL,配管タイプ:00_冷媒,R 20,M091_R冷媒2way,HEATING,1,100.0,20.0,15551.032836678409,水平管,1.0,0.0,0.0,0.0,0.0,17.049999999999997,17.15,0.10000000000000142
3i6NT3lWD4BeNkr3J2NSMM,配管タイプ:00_冷媒:42163336,5FL,配管タイプ:00_冷媒,R 20,M091_R冷媒2way,HEATING,1,100.0,20.0,1442.264808224961,水平管,0.0,1.0,0.0,0.0,0.0,17.049999999999997,17.149999999999995,0.09999999999999787
3i6NT3lWD4BeNkr3J2NSMN,配管タイプ:00_冷媒:42163337,5FL,配管タイプ:00_冷媒,R 20,M091_R冷媒2way,HEATING,1,100.0,20.0,1580.00000000005,水平管,1.0,0.0,0.0,0.0,0.0,17.049999999999997,17.15,0.10000000000000142
3i6NT3lWD4BeNkr3J2NSMI,配管タイプ:00_供給:42163340,5FL,配管タイプ:00_供給,CR 1,M012_CR冷水(還),HEATING,1,114.30000000000001,105.3,1163.7287475948706,水平管,1.0,0.0,0.0,0.0,0.0,17.14285,17.25715,0.11430000000000007
3i6NT3lWD4BeNkr3J2NSMJ,配管タイプ:00_供給:42163341,5FL,配管タイプ:00_供給,C 5,M011_C冷水(往),HEATING,1,114.30000000000001,105.3,1163.9799688700482,水平管,1.0,0.0,0.0,0.0,0.0,17.242849999999997,17.357149999999997,0.11430000000000007
3i6NT3lWD4BeNkr3J2NSME,配管タイプ:00_供給:42163344,5FL,配管タイプ:00_供給,C 6,M011_C冷水(往),HEATING,1,60.5,52.900000000000006,1433.5912794060573,水平管,0.0,1.0,0.0,0.0,0.0,17.269749999999995,17.330249999999996,0.06050000000000111
3i6NT3lWD4BeNkr3J2NSMF,配管タイプ:00_供給:42163345,5FL,配管タイプ:00_供給,C 7,M011_C冷水(往),HEATING,1,60.5,52.900000000000006,1433.5912794060573,水平管,0.0,1.0,0.0,0.0,0.0,17.269749999999995,17.330249999999996,0.06050000000000111
3i6NT3lWD4BeNkr3J2NSMC,配管タイプ:00_供給:42163346,5FL,配管タイプ:00_供給,CR 5,M012_CR冷水(還),HEATING,1,60.5,52.900000000000006,1083.5912794060848,水平管,0.0,1.0,0.0,0.0,0.0,17.16975,17.230249999999998,0.060499999999997556
3i6NT3lWD4BeNkr3J2NSMD,配管タイプ:00_供給:42163347,5FL,配管タイプ:00_供給,CR 6,M012_CR冷水(還),HEATING,1,60.5,52.900000000000006,1083.5912794061217,水平管,0.0,1.0,0.0,0.0,0.0,17.16975,17.230249999999998,0.060499999999997556
3i6NT3lWD4BeNkr3J2NSMA,配管タイプ:00_供給:42163348,5FL,配管タイプ:00_供給,CR 6,M012_CR冷水(還),HEATING,1,114.30000000000001,105.3,569.3370377600294,水平管,1.0,0.0,0.0,0.0,0.0,17.14285,17.25715,0.11430000000000007
3i6NT3lWD4BeNkr3J2NSMB,配管タイプ:00_供給:42163349,5FL,配管タイプ:00_供給,C 8,M011_C冷水(往),HEATING,1,114.30000000000001,105.3,999.3379035499026,水平管,1.0,0.0,0.0,0.0,0.0,17.242849999999997,17.357149999999997,0.11430000000000007
3i6NT3lWD4BeNkr3J2NSM8,配管タイプ:00_供給:42163350,5FL,配管タイプ:00_供給,CR 7,M012_CR冷水(還),HEATING,1,114.30000000000001,105.3,10645.662962239974,水平管,1.0,0.0,0.0,0.0,0.0,17.14285,17.25715,0.11430000000000007
3i6NT3lWD4BeNkr3J2NSM9,配管タイプ:00_供給:42163351,5FL,配管タイプ:00_供給,CR 5,M012_CR冷水(還),HEATING,1,114.30000000000001,105.3,1085.0000000000198,水平管,1.0,0.0,0.0,0.0,0.0,17.14285,17.25715,0.11430000000000007
3i6NT3lWD4BeNkr3J2NSM7,配管タイプ:00_供給:42163353,5FL,配管タイプ:00_供給,C 10,M011_C冷水(往),HEATING,1,114.30000000000001,105.3,1084.9999999999893,水平管,1.0,0.0,0.0,0.0,0.0,17.242849999999997,17.357149999999997,0.11430000000000007
3i6NT3lWD4BeNkr3J2NSM5,配管タイプ:00_供給:42163355,5FL,配管タイプ:00_供給,C 9,M011_C冷水(往),HEATING,1,114.30000000000001,105.3,10305.81982602268,水平管,1.0,0.0,0.0,0.0,0.0,17.242849999999997,17.357149999999997,0.11430000000000007
3i6NT3lWD4BeNkr3J2NSM2,配管タイプ:00_供給:42163356,5FL,配管タイプ:00_供給,P031_V通気 1,P031_V通気,VENT,1,152.4,152.4,160.06919818938556,水平管,0.0,1.0,0.0,0.0,0.0,16.723799999999997,16.876199999999997,0.1524000000000001
3i6NT3lWD4BeNkr3J2NSM0,配管タイプ:00_排水:42163358,5FL,配管タイプ:00_排水,P031_V通気 7,P031_V通気,VENT,1,114.30000000000001,105.3,543.9046321022521,水平管,0.0,1.0,0.0,0.0,0.0,16.742849999999997,16.857149999999997,0.11430000000000007
3i6NT3lWD4BeNkr3J2NSM1,配管タイプ:00_供給:42163359,5FL,配管タイプ:00_供給,P031_V通気 1,P031_V通気,VENT,1,152.4,152.4,160.06919818938556,水平管,0.0,1.0,0.0,0.0,0.0,16.723799999999997,16.876199999999997,0.1524000000000001
3i6NT3lWD4BeNkr3J2NSM_,配管タイプ:00_排水:42163360,5FL,配管タイプ:00_排水,P031_V通気 1,P031_V通気,VENT,1,76.3,67.9,195.06919818936893,水平管,0.0,1.0,0.0,0.0,0.0,16.761849999999995,16.83815,0.07630000000000337
3i6NT3lWD4BeNkr3J2NSM$,配管タイプ:00_排水:42163361,5FL,配管タイプ:00_排水,P031_V通気 1,P031_V通気,VENT,1,114.30000000000001,105.3,1620.000000000013,水平管,1.0,0.0,0.0,0.0,0.0,16.742849999999997,16.857149999999997,0.11430000000000007
3i6NT3lWD4BeNkr3J2NSMy,配管タイプ:00_排水:42163362,5FL,配管タイプ:00_排水,P031_V通気 1,P031_V通気,VENT,1,60.5,52.900000000000006,214.06919818938192,水平管,0.0,1.0,0.0,0.0,0.0,16.76975,16.83025,0.06050000000000111
3i6NT3lWD4BeNkr3J2NSMz,配管タイプ:00_供給:42163363,5FL,配管タイプ:00_供給,－ 19,P011_W上水,DOMESTICCOLDWATER,1,34.0,27.6,127.25213171791229,水平管,0.0,1.0,0.0,0.0,0.0,16.583,16.616999999999997,0.03399999999999892
3i6NT3lWD4BeNkr3J2NSMw,配管タイプ:00_供給:42163364,5FL,配管タイプ:00_供給,－ 19,P011_W上水,DOMESTICCOLDWATER,1,34.0,27.6,610.1614678716268,水平管,1.0,0.0,0.0,0.0,0.0,16.583,16.616999999999997,0.03399999999999892
3i6NT3lWD4BeNkr3J2NSMu,配管タイプ:00_供給:42163366,5FL,配管タイプ:00_供給,X 5,P051_X屋内消火栓,FIREPROTECTION,1,48.6,41.6,250.12145627686073,水平管,0.0,1.0,0.0,0.0,0.0,16.6757,16.7243,0.04860000000000042
3i6NT3lWD4BeNkr3J2NSMv,配管タイプ:00_供給:42163367,5FL,配管タイプ:00_供給,X 5,P051_X屋内消火栓,FIREPROTECTION,1,48.6,41.6,1180.0000000000045,水平管,1.0,0.0,0.0,0.0,0.0,16.6757,16.7243,0.04860000000000042
3i6NT3lWD4BeNkr3J2NSMt,配管タイプ:00_供給:42163369,5FL,配管タイプ:00_供給,－ 19,P011_W上水,DOMESTICCOLDWATER,1,34.0,27.6,129.8385321284021,水平管,1.0,0.0,0.0,0.0,0.0,16.583,16.616999999999997,0.03399999999999892
3i6NT3lWD4BeNkr3J2NSMq,配管タイプ:00_供給:42163370,5FL,配管タイプ:00_供給,－ 25,P011_W上水,DOMESTICCOLDWATER,1,34.0,27.6,276.4999999999913,水平管,1.0,0.0,0.0,0.0,0.0,16.583,16.616999999999997,0.03399999999999892
3i6NT3lWD4BeNkr3J2NSMr,配管タイプ:00_供給:42163371,5FL,配管タイプ:00_供給,X 5,P051_X屋内消火栓,FIREPROTECTION,1,48.6,41.6,427.49999999999596,水平管,1.0,0.0,0.0,0.0,0.0,16.6757,16.7243,0.04860000000000042
3i6NT3lWD4BeNkr3J2NSIS,配管タイプ:00_供給:42163586,1FL,配管タイプ:00_供給,－ 30,P011_W上水,DOMESTICCOLDWATER,1,60.5,57.5,6530.400000000024,水平管,0.0,1.0,0.0,0.0,0.0,0.16975000000000007,0.23025000000000004,0.06049999999999997
3i6NT3lWD4BeNkr3J2NSIT,配管タイプ:00_冷媒:42163587,1FL,配管タイプ:00_冷媒,R 23,M091_R冷媒2way,HEATING,1,100.0,20.0,2521.0963611857096,水平管,0.0,1.0,0.0,0.0,0.0,0.65,0.7500000000000001,0.10000000000000009
3i6NT3lWD4BeNkr3J2NSIQ,配管タイプ:00_冷媒:42163588,1FL,配管タイプ:00_冷媒,R 22,M091_R冷媒2way,HEATING,1,100.0,20.0,4172.75089354927,水平管,1.0,0.0,0.0,0.0,0.0,0.65,0.7500000000000001,0.10000000000000009
3i6NT3lWD4BeNkr3J2NSIR,配管タイプ:00_冷媒:42163589,1FL,配管タイプ:00_冷媒,R 23,M091_R冷媒2way,HEATING,1,100.0,20.0,660.0000000002268,水平管,1.0,0.0,0.0,0.0,0.0,0.65,0.7500000000000001,0.10000000000000009
3i6NT3lWD4BeNkr3J2NSIO,配管タイプ:00_冷媒:42163590,1FL,配管タイプ:00_冷媒,R 22,M091_R冷媒2way,HEATING,1,100.0,20.0,1090.33322859511,水平管,1.0,0.0,0.0,0.0,0.0,0.65,0.7500000000000001,0.10000000000000009
3i6NT3lWD4BeNkr3J2NSIP,配管タイプ:00_冷媒:42163591,1FL,配管タイプ:00_冷媒,R 22,M091_R冷媒2way,HEATING,1,100.0,20.0,2941.2614898848337,水平管,0.0,1.0,0.0,0.0,0.0,0.65,0.7500000000000001,0.10000000000000009
3i6NT3lWD4BeNkr3J2NSIM,配管タイプ:00_冷媒:42163592,1FL,配管タイプ:00_冷媒,R 23,M091_R冷媒2way,HEATING,1,100.0,20.0,1518.1705953197018,水平管,1.0,0.0,0.0,0.0,0.0,0.65,0.7500000000000001,0.10000000000000009
3i6NT3lWD4BeNkr3J2NSIN,配管タイプ:00_冷媒:42163593,1FL,配管タイプ:00_冷媒,R 23,M091_R冷媒2way,HEATING,1,100.0,20.0,3561.9361397560833,水平管,0.0,1.0,0.0,0.0,0.0,0.65,0.7500000000000001,0.10000000000000009
3i6NT3lWD4BeNkr3J2NSIK,配管タイプ:00_冷媒:42163594,1FL,配管タイプ:00_冷媒,R 23,M091_R冷媒2way,HEATING,1,100.0,20.0,4699.997935296388,水平管,1.0,0.0,0.0,0.0,0.0,0.65,0.7500000000000001,0.10000000000000009
3i6NT3lWD4BeNkr3J2NSIL,配管タイプ:00_冷媒:42163595,1FL,配管タイプ:00_冷媒,R 22,M091_R冷媒2way,HEATING,1,100.0,20.0,321.70023972248015,水平管,0.0,1.0,0.0,0.0,0.0,0.65,0.7500000000000001,0.10000000000000009
3i6NT3lWD4BeNkr3J2NSIJ,配管タイプ:00_冷媒:42163597,1FL,配管タイプ:00_冷媒,R 24,M091_R冷媒2way,HEATING,1,100.0,20.0,287.305223878689,水平管,0.0,1.0,0.0,0.0,0.0,0.65,0.7500000000000001,0.10000000000000009
3i6NT3lWD4BeNkr3J2NSIH,配管タイプ:00_冷媒:42163599,1FL,配管タイプ:00_冷媒,R 22,M091_R冷媒2way,HEATING,1,100.0,20.0,759.5000000000092,水平管,1.0,0.0,0.0,0.0,0.0,0.65,0.7500000000000001,0.10000000000000009
3i6NT3lWD4BeNkr3J2NSIE,配管タイプ:00_冷媒:42163600,1FL,配管タイプ:00_冷媒,R 22,M091_R冷媒2way,HEATING,1,100.0,20.0,499.70862297056476,水平管,0.0,1.0,0.0,0.0,0.0,0.65,0.7500000000000001,0.10000000000000009
3i6NT3lWD4BeNkr3J2NSIF,配管タイプ:00_供給:42163601,1FL,配管タイプ:00_供給,－ 30,P011_W上水,DOMESTICCOLDWATER,1,60.5,57.5,8400.250000000031,水平管,1.0,0.0,0.0,0.0,0.0,0.16974999999999998,0.23024999999999995,0.06049999999999997
3i6NT3lWD4BeNkr3J2NSIC,配管タイプ:00_供給:42163602,1FL,配管タイプ:00_供給,－ 22,P011_W上水,DOMESTICCOLDWATER,1,60.5,57.5,4649.899999999478,水平管,0.0,1.0,0.0,0.0,0.0,0.16974999999999998,0.23024999999999995,0.06049999999999997
3i6NT3lWD4BeNkr3J2NSID,配管タイプ:00_供給:42163603,1FL,配管タイプ:00_供給,－ 22,P011_W上水,DOMESTICCOLDWATER,1,60.5,57.5,2625.549999999999,水平管,1.0,0.0,0.0,0.0,0.0,0.16974999999999998,0.23024999999999995,0.06049999999999997
3i6NT3lWD4BeNkr3J2NSIA,配管タイプ:00_供給:42163604,1FL,配管タイプ:00_供給,X 8,P051_X屋内消火栓,FIREPROTECTION,1,76.3,67.9,8500.250000000016,水平管,1.0,0.0,0.0,0.0,0.0,0.26184999999999997,0.33814999999999995,0.07629999999999998
3i6NT3lWD4BeNkr3J2NSIB,配管タイプ:00_供給:42163605,1FL,配管タイプ:00_供給,X 8,P051_X屋内消火栓,FIREPROTECTION,1,76.3,67.9,4068.380207847967,水平管,0.0,1.0,0.0,0.0,0.0,0.26184999999999997,0.33814999999999995,0.07629999999999998
3i6NT3lWD4BeNkr3J2NSI8,配管タイプ:00_供給:42163606,1FL,配管タイプ:00_供給,－ 30,P011_W上水,DOMESTICCOLDWATER,1,60.5,57.5,1988.1000000004663,水平管,0.0,1.0,0.0,0.0,0.0,0.16975000000000007,0.23025000000000004,0.06049999999999997
3i6NT3lWD4BeNkr3J2NSI9,配管タイプ:00_供給:42163607,1FL,配管タイプ:00_供給,X 8,P051_X屋内消火栓,FIREPROTECTION,1,76.3,67.9,2009.7499999999936,水平管,1.0,0.0,0.0,0.0,0.0,0.26184999999999997,0.33814999999999995,0.07629999999999998
3i6NT3lWD4BeNkr3J2NSI6,配管タイプ:00_供給:42163608,1FL,配管タイプ:00_供給,X 7,P051_X屋内消火栓,FIREPROTECTION,1,76.3,67.9,380.9999999999697,水平管,0.0,1.0,0.0,0.0,0.0,0.26185,0.33815,0.07629999999999998
3i6NT3lWD4BeNkr3J2NSI4,配管タイプ:00_供給:42163610,1FL,配管タイプ:00_供給,X 8,P051_X屋内消火栓,FIREPROTECTION,1,76.3,67.9,355.80979367599696,水平管,0.0,1.0,0.0,0.0,0.0,0.26184999999999997,0.33814999999999995,0.07629999999999998
3i6NT3lWD4BeNkr3J2NSI5,配管タイプ:00_供給:42163611,1FL,配管タイプ:00_供給,X 8,P051_X屋内消火栓,FIREPROTECTION,1,76.3,67.9,122.99999999999369,水平管,0.0,1.0,0.0,0.0,0.0,0.26185,0.33815,0.07629999999999998
3i6NT3lWD4BeNkr3J2NSI2,配管タイプ:00_供給:42163612,1FL,配管タイプ:00_供給,X 1,P051_X屋内消火栓,FIREPROTECTION,1,76.3,67.9,1729.7500000000161,水平管,1.0,0.0,0.0,0.0,0.0,0.26184999999999997,0.33814999999999995,0.07629999999999998
3i6NT3lWD4BeNkr3J2NSI0,配管タイプ:00_供給:42163614,1FL,配管タイプ:00_供給,X 1,P051_X屋内消火栓,FIREPROTECTION,1,76.3,67.9,1789.7500000000132,水平管,1.0,0.0,0.0,0.0,0.0,0.26184999999999997,0.33814999999999995,0.07629999999999998
3i6NT3lWD4BeNkr3J2NSI1,配管タイプ:00_供給:42163615,1FL,配管タイプ:00_供給,X 1,P051_X屋内消火栓,FIREPROTECTION,1,76.3,67.9,1449.9999999999843,水平管,0.0,1.0,0.0,0.0,0.0,0.26185,0.33815,0.07629999999999998
3i6NT3lWD4BeNkr3J2NSI_,配管タイプ:00_供給:42163616,1FL,配管タイプ:00_供給,X 1,P051_X屋内消火栓,FIREPROTECTION,1,76.3,67.9,6387.999999999996,水平管,0.0,1.0,0.0,0.0,0.0,0.26185,0.33815,0.07629999999999998
3i6NT3lWD4BeNkr3J2NSIy,配管タイプ:00_供給:42163618,1FL,配管タイプ:00_供給,X 8,P051_X屋内消火栓,FIREPROTECTION,1,76.3,67.9,2463.80999847601,水平管,0.0,1.0,0.0,0.0,0.0,0.26185,0.33815,0.07629999999999998
3i6NT3lWD4BeNkr3J2NSIw,配管タイプ:00_排水:42163620,1FL,配管タイプ:00_排水,D 36,M121_Dドレン,SEWAGE,1,34.0,27.6,245.18156597040502,水平管,0.0,1.0,0.0,0.0,0.0,0.583,0.617,0.03400000000000003
3i6NT3lWD4BeNkr3J2NSIu,配管タイプ:00_排水:42163622,1FL,配管タイプ:00_排水,D 42,M121_Dドレン,SEWAGE,1,34.0,27.6,245.1815659703969,水平管,0.0,1.0,0.0,0.0,0.0,0.763,0.797,0.03400000000000003
3i6NT3lWD4BeNkr3J2NSIs,配管タイプ:00_供給:42163624,1FL,配管タイプ:00_供給,－ 28,M112_W加湿給水,DOMESTICCOLDWATER,1,42.7,35.7,285.19999999998714,水平管,0.0,1.0,0.0,0.0,0.0,0.87865,0.92135,0.04269999999999996
3i6NT3lWD4BeNkr3J2NSIq,配管タイプ:00_供給:42163626,1FL,配管タイプ:00_供給,－ 29,M112_W加湿給水,DOMESTICCOLDWATER,1,42.7,35.7,2792.3320171280566,水平管,1.0,0.0,0.0,0.0,0.0,0.87865,0.92135,0.04269999999999996
3i6NT3lWD4BeNkr3J2NSIr,配管タイプ:00_供給:42163627,1FL,配管タイプ:00_供給,－ 27,M112_W加湿給水,DOMESTICCOLDWATER,1,42.7,35.7,2320.0000000000164,水平管,0.0,1.0,0.0,0.0,0.0,0.87865,0.92135,0.04269999999999996
3i6NT3lWD4BeNkr3J2NSIo,配管タイプ:00_供給:42163628,1FL,配管タイプ:00_供給,－ 27,M112_W加湿給水,DOMESTICCOLDWATER,1,42.7,35.7,97.34973594961797,水平管,0.0,1.0,0.0,0.0,0.0,0.87865,0.92135,0.04269999999999996
3i6NT3lWD4BeNkr3J2NSIp,配管タイプ:00_供給:42163629,1FL,配管タイプ:00_供給,－ 27,M112_W加湿給水,DOMESTICCOLDWATER,1,42.7,35.7,928.2200334887189,水平管,1.0,0.0,0.0,0.0,0.0,0.87865,0.92135,0.04269999999999996
3i6NT3lWD4BeNkr3J2NSIm,配管タイプ:00_供給:42163630,1FL,配管タイプ:00_供給,－ 29,M112_W加湿給水,DOMESTICCOLDWATER,1,42.7,35.7,1359.682764992181,水平管,0.0,1.0,0.0,0.0,0.0,0.87865,0.92135,0.04269999999999996
3i6NT3lWD4BeNkr3J2NSIk,配管タイプ:00_供給:42163632,1FL,配管タイプ:00_供給,X 8,P051_X屋内消火栓,FIREPROTECTION,1,76.3,67.9,6286.500000000022,水平管,0.0,1.0,0.0,0.0,0.0,0.26184999999999997,0.33814999999999995,0.07629999999999998
0DTJFk0dP5Vfi0C2Y9DFG3,配管タイプ:00_排水:42281031,PIT,配管タイプ:00_排水,PU 9,P024_Dポンプアップ排水,SEWAGE,1,60.5,52.900000000000006,1647.0000000000011,立管,0.0,0.0,1.0,90.0,,-2.8049999999999997,-1.1579999999999986,1.6470000000000011
0DTJFk0dP5Vfi0C2Y9DFGQ,配管タイプ:00_排水:42281054,PIT,配管タイプ:00_排水,PU 2,P024_Dポンプアップ排水,SEWAGE,1,60.5,52.900000000000006,1646.999999999999,立管,0.0,0.0,1.0,90.0,,-2.8049999999999997,-1.1580000000000006,1.6469999999999991
0DTJFk0dP5Vfi0C2Y9DFMN,配管タイプ:00_排水:42281427,PIT,配管タイプ:00_排水,PU 10,P024_Dポンプアップ排水,SEWAGE,1,60.5,52.900000000000006,1647.0000000000014,立管,0.0,0.0,1.0,90.0,,-2.8049999999999997,-1.1579999999999984,1.6470000000000014
0DTJFk0dP5Vfi0C2Y9DFMH,配管タイプ:00_排水:42281429,PIT,配管タイプ:00_排水,PU 1,P024_Dポンプアップ排水,SEWAGE,1,60.5,52.900000000000006,1646.9999999999995,立管,0.0,0.0,1.0,90.0,,-2.8049999999999997,-1.1580000000000001,1.6469999999999996
1NfKE53XnEPhsZuqYiX5Fd,配管タイプ:00_供給:42723357,2FL,配管タイプ:00_供給,X 9,P051_X屋内消火栓,FIREPROTECTION,1,76.3,67.9,380.9999999999697,水平管,0.0,1.0,0.0,0.0,0.0,4.36185,4.438149999999999,0.07629999999999981
1NfKE53XnEPhsZuqYiX5Fa,配管タイプ:00_供給:42723358,2FL,配管タイプ:00_供給,X 10,P051_X屋内消火栓,FIREPROTECTION,1,76.3,67.9,1729.7500000000161,水平管,1.0,0.0,0.0,0.0,0.0,4.36185,4.438149999999999,0.07629999999999981
1NfKE53XnEPhsZuqYiX5Fb,配管タイプ:00_供給:42723359,2FL,配管タイプ:00_供給,X 10,P051_X屋内消火栓,FIREPROTECTION,1,76.3,67.9,1361.7794035223922,水平管,1.0,0.0,0.0,0.0,0.0,4.36185,4.438149999999999,0.07629999999999981
1NfKE53XnEPhsZuqYiX5FQ,配管タイプ:00_供給:42723360,2FL,配管タイプ:00_供給,X 10,P051_X屋内消火栓,FIREPROTECTION,1,76.3,67.9,1437.9999999999634,水平管,0.0,1.0,0.0,0.0,0.0,4.36185,4.438149999999999,0.07629999999999981
1NfKE53XnEPhsZuqYiX5FR,配管タイプ:00_供給:42723361,2FL,配管タイプ:00_供給,X 10,P051_X屋内消火栓,FIREPROTECTION,1,76.3,67.9,6400.000000000018,水平管,0.0,1.0,0.0,0.0,0.0,4.36185,4.438149999999999,0.07629999999999981
1NfKE53XnEPhsZuqYiX5FD,配管タイプ:00_供給:42723383,3FL,配管タイプ:00_供給,X 11,P051_X屋内消火栓,FIREPROTECTION,1,76.3,67.9,380.9999999999697,水平管,0.0,1.0,0.0,0.0,0.0,8.46185,8.53815,0.07629999999999981
1NfKE53XnEPhsZuqYiX5F2,配管タイプ:00_供給:42723384,3FL,配管タイプ:00_供給,X 12,P051_X屋内消火栓,FIREPROTECTION,1,76.3,67.9,1729.7500000000161,水平管,1.0,0.0,0.0,0.0,0.0,8.46185,8.53815,0.07629999999999981
1NfKE53XnEPhsZuqYiX5F3,配管タイプ:00_供給:42723385,3FL,配管タイプ:00_供給,X 12,P051_X屋内消火栓,FIREPROTECTION,1,76.3,67.9,1452.7482425947826,水平管,1.0,0.0,0.0,0.0,0.0,8.46185,8.53815,0.07629999999999981
1NfKE53XnEPhsZuqYiX5F0,配管タイプ:00_供給:42723386,3FL,配管タイプ:00_供給,X 12,P051_X屋内消火栓,FIREPROTECTION,1,76.3,67.9,1468.0000000004134,水平管,0.0,1.0,0.0,0.0,0.0,8.46185,8.53815,0.07629999999999981
1NfKE53XnEPhsZuqYiX5F1,配管タイプ:00_供給:42723387,3FL,配管タイプ:00_供給,X 12,P051_X屋内消火栓,FIREPROTECTION,1,76.3,67.9,6369.999999999568,水平管,0.0,1.0,0.0,0.0,0.0,8.46185,8.53815,0.07629999999999981
1NfKE53XnEPhsZuqYiX5Es,配管タイプ:00_供給:42723404,4FL,配管タイプ:00_供給,X 13,P051_X屋内消火栓,FIREPROTECTION,1,76.3,67.9,380.9999999999697,水平管,0.0,1.0,0.0,0.0,0.0,12.561850000000002,12.638150000000001,0.07629999999999981
1NfKE53XnEPhsZuqYiX5Et,配管タイプ:00_供給:42723405,4FL,配管タイプ:00_供給,X 14,P051_X屋内消火栓,FIREPROTECTION,1,76.3,67.9,1729.7500000000075,水平管,1.0,0.0,0.0,0.0,0.0,12.561850000000002,12.638150000000001,0.07629999999999981
1NfKE53XnEPhsZuqYiX5Er,配管タイプ:00_供給:42723407,4FL,配管タイプ:00_供給,X 14,P051_X屋内消火栓,FIREPROTECTION,1,76.3,67.9,2677.999999999961,水平管,0.0,1.0,0.0,0.0,0.0,12.561850000000002,12.638150000000001,0.07629999999999981
1NfKE53XnEPhsZuqYiX5Eg,配管タイプ:00_供給:42723408,4FL,配管タイプ:00_供給,X 14,P051_X屋内消火栓,FIREPROTECTION,1,76.3,67.9,5000.0000000000155,水平管,0.0,1.0,0.0,0.0,0.0,12.561850000000002,12.638150000000001,0.07629999999999981
3IogOOsIT71Q2qPUXO1gFD,配管タイプ:00_冷媒:43123033,4FL,配管タイプ:00_冷媒,R 16,M091_R冷媒2way,HEATING,1,100.0,20.0,1000.0000000000585,水平管,1.0,0.0,0.0,0.0,0.0,12.950000000000001,13.049999999999999,0.09999999999999787
0Y3$46CFL1xudGrFX2vMnL,配管タイプ:00_供給:43168782,5FL,配管タイプ:00_供給,－ 239,P011_W上水,DOMESTICCOLDWATER,1,34.0,27.6,520.5000000000224,水平管,1.0,0.0,0.0,0.0,0.0,16.583,16.616999999999997,0.03399999999999892
0Y3$46CFL1xudGrFX2vMnK,配管タイプ:00_供給:43168783,5FL,配管タイプ:00_供給,－ 239,P011_W上水,DOMESTICCOLDWATER,1,34.0,27.6,164.33067544109454,水平管,0.0,1.0,0.0,0.0,0.0,16.583,16.616999999999997,0.03399999999999892
0Y3$46CFL1xudGrFX2vMn8,配管タイプ:00_供給:43168787,5FL,配管タイプ:00_供給,P022_D雑排水 145,P022_D雑排水,SEWAGE,1,48.6,41.6,280.0000000000056,水平管,0.0,1.0,0.0,0.0,0.0,16.775699999999997,16.824299999999997,0.04860000000000042
0Y3$46CFL1xudGrFX2vMnE,配管タイプ:00_供給:43168789,5FL,配管タイプ:00_供給,X 15,P051_X屋内消火栓,FIREPROTECTION,1,48.6,41.6,979.5000000001606,水平管,1.0,0.0,0.0,0.0,0.0,16.6757,16.7243,0.04860000000000042
0Y3$46CFL1xudGrFX2vMn2,配管タイプ:00_供給:43168793,5FL,配管タイプ:00_供給,－ 240,P011_W上水,DOMESTICCOLDWATER,1,34.0,27.6,450.00000000014245,水平管,1.0,0.0,0.0,0.0,0.0,16.583,16.616999999999997,0.03399999999999892
0Y3$46CFL1xudGrFX2vMn5,配管タイプ:00_供給:43168798,5FL,配管タイプ:00_供給,P022_D雑排水 145,P022_D雑排水,SEWAGE,1,48.6,41.6,140.00000000000065,水平管,1.0,0.0,0.0,0.0,0.0,16.775699999999997,16.8243,0.04860000000000397
0Y3$46CFL1xudGrFX2vMn4,配管タイプ:00_供給:43168799,5FL,配管タイプ:00_供給,P022_D雑排水 145,P022_D雑排水,SEWAGE,1,48.6,41.6,310.187649661409,水平管,0.0,1.0,0.0,0.0,0.0,16.775699999999997,16.8243,0.04860000000000397
0Y3$46CFL1xudGrFX2vMnx,配管タイプ:00_供給:43168800,5FL,配管タイプ:00_供給,P022_D雑排水 145,P022_D雑排水,SEWAGE,1,48.6,41.6,1358.308481444931,水平管,1.0,0.0,0.0,0.0,0.0,16.775699999999997,16.824299999999997,0.04860000000000042
0Y3$46CFL1xudGrFX2vM$s,配管タイプ:00_供給:43169709,5FL,配管タイプ:00_供給,P022_D雑排水 148,P022_D雑排水,SEWAGE,1,60.5,52.900000000000006,200.0,立管,0.0,0.0,1.0,90.0,,16.4,16.599999999999998,0.1999999999999993
2Kp9TpODXBDQnv6xX8$gCE,配管タイプ:00_供給:43231648,3FL,配管タイプ:00_供給,X 12,P051_X屋内消火栓,FIREPROTECTION,1,76.3,67.9,2972.999999999997,立管,0.0,0.0,1.0,90.0,,8.2,11.172999999999996,2.972999999999997
2Kp9TpODXBDQnv6xX8$gDe,配管タイプ:00_供給:43231686,3FL,配管タイプ:00_供給,X 12,P051_X屋内消火栓,FIREPROTECTION,1,76.3,67.9,2367.0017574052304,水平管,1.0,0.0,0.0,0.0,0.0,8.46185,8.53815,0.07629999999999981
2Kp9TpODXBDQnv6xX8$g0a,配管タイプ:00_供給:43231882,1FL,配管タイプ:00_供給,X 1,P051_X屋内消火栓,FIREPROTECTION,1,76.3,67.9,2972.999999999997,立管,0.0,0.0,1.0,90.0,,0.0,2.9729999999999968,2.9729999999999968
2Kp9TpODXBDQnv6xX8$g6u,配管タイプ:00_供給:43232022,4FL,配管タイプ:00_供給,X 14,P051_X屋内消火栓,FIREPROTECTION,1,76.3,67.9,2972.9999999999977,立管,0.0,0.0,1.0,90.0,,12.3,15.272999999999998,2.972999999999997
0Vfalxg9D9tuI2XXgo5eeF,配管タイプ:00_供給:43250791,4FL,配管タイプ:00_供給,X 14,P051_X屋内消火栓,FIREPROTECTION,1,76.3,67.9,226.27416997970806,水平管,0.7071067811865476,-0.7071067811865476,0.0,0.0,0.0,12.561850000000002,12.638150000000001,0.07629999999999981
0vJsp3rh5AAgwZ1Ucdzv4z,配管タイプ:00_供給:43262229,4FL,配管タイプ:00_供給,X 14,P051_X屋内消火栓,FIREPROTECTION,1,76.3,67.9,2439.7500000000127,水平管,1.0,0.0,0.0,0.0,0.0,12.561850000000002,12.638150000000001,0.07629999999999981
1yoo1GbqHDsRjbzagASVsp,配管タイプ:00_供給:43288425,2FL,配管タイプ:00_供給,X 20,P051_X屋内消火栓,FIREPROTECTION,1,76.3,67.9,2419.820596477623,水平管,1.0,0.0,0.0,0.0,0.0,4.36185,4.438149999999999,0.07629999999999981
1yoo1GbqHDsRjbzagASVBN,配管タイプ:00_供給:43288589,1FL,配管タイプ:00_供給,X 1,P051_X屋内消火栓,FIREPROTECTION,1,76.3,67.9,2029.9999999999998,水平管,1.0,0.0,0.0,0.0,0.0,0.2618500000000001,0.33815000000000006,0.07629999999999998
1Ta9E0KqzEbeBBN7wW0FX1,配管タイプ:00_排水:43288961,1FL,配管タイプ:00_排水,) 155,P021_D汚水,SEWAGE,1,114.30000000000001,105.3,1434.9999999999986,水平管,0.0,1.0,0.0,0.0,0.0,0.04284999999999995,0.15714999999999996,0.11430000000000001
1Ta9E0KqzEbeBBN7wW0FX2,配管タイプ:00_排水:43288962,1FL,配管タイプ:00_排水,) 156,P021_D汚水,SEWAGE,1,114.30000000000001,105.3,1435.000000000003,水平管,0.0,1.0,0.0,0.0,0.0,-0.05714999999999995,0.057150000000000055,0.11430000000000001
1Ta9E0KqzEbeBBN7wW0FX3,配管タイプ:00_排水:43288963,1FL,配管タイプ:00_排水,P022_D雑排水 149,P022_D雑排水,SEWAGE,1,114.30000000000001,105.3,1434.9999999999986,水平管,0.0,1.0,0.0,0.0,0.0,0.04284999999999995,0.15714999999999996,0.11430000000000001
1Ta9E0KqzEbeBBN7wW0FX4,配管タイプ:00_排水:43288964,1FL,配管タイプ:00_排水,P022_D雑排水 152,P022_D雑排水,SEWAGE,1,76.3,67.9,1434.9999999999943,水平管,0.0,1.0,0.0,0.0,0.0,0.06185000000000002,0.13815000000000005,0.07630000000000003
1Ta9E0KqzEbeBBN7wW0FWv,配管タイプ:00_供給:43289081,1FL,配管タイプ:00_供給,PU 4,P024_Dポンプアップ排水,SEWAGE,1,76.3,67.9,7759.999999999929,水平管,1.0,0.0,0.0,0.0,0.0,-0.03814999999999996,0.03815000000000004,0.0763
1Ta9E0KqzEbeBBN7wW0FWz,配管タイプ:00_供給:43289085,1FL,配管タイプ:00_供給,PU 5,P024_Dポンプアップ排水,SEWAGE,1,76.3,67.9,331.56667264313853,水平管,1.0,0.0,0.0,0.0,0.0,-0.03814999999999996,0.03815000000000004,0.0763
1Ta9E0KqzEbeBBN7wW0FW$,配管タイプ:00_供給:43289087,1FL,配管タイプ:00_供給,PU 4,P024_Dポンプアップ排水,SEWAGE,1,76.3,67.9,1243.8148081610996,水平管,0.0,1.0,0.0,0.0,0.0,-0.03814999999999996,0.03815000000000004,0.0763
1Ta9E0KqzEbeBBN7wW0Fl1,配管タイプ:00_供給:43289089,1FL,配管タイプ:00_供給,PU 3,P024_Dポンプアップ排水,SEWAGE,1,76.3,67.9,7960.000000000053,水平管,1.0,0.0,0.0,0.0,0.0,-0.03814999999999996,0.03815000000000004,0.0763
1Ta9E0KqzEbeBBN7wW0Fl3,配管タイプ:00_供給:43289091,1FL,配管タイプ:00_供給,PU 3,P024_Dポンプアップ排水,SEWAGE,1,76.3,67.9,2172.815063362736,水平管,0.0,1.0,0.0,0.0,0.0,-0.03814999999999996,0.03815000000000004,0.0763
1Ta9E0KqzEbeBBN7wW0Fl5,配管タイプ:00_供給:43289093,1FL,配管タイプ:00_供給,PU 7,P024_Dポンプアップ排水,SEWAGE,1,76.3,67.9,331.5666726431342,水平管,1.0,0.0,0.0,0.0,0.0,-0.03814999999999996,0.03815000000000004,0.0763
1Ta9E0KqzEbeBBN7wW0Fg9,配管タイプ:00_供給:43289417,1FL,配管タイプ:00_供給,PU 6,P024_Dポンプアップ排水,SEWAGE,1,76.3,67.9,331.56667264313853,水平管,1.0,0.0,0.0,0.0,0.0,-0.03814999999999996,0.03815000000000004,0.0763
1Ta9E0KqzEbeBBN7wW0Fr1,配管タイプ:00_供給:43289729,1FL,配管タイプ:00_供給,PU 8,P024_Dポンプアップ排水,SEWAGE,1,76.3,67.9,331.56667264313853,水平管,1.0,0.0,0.0,0.0,0.0,-0.03814999999999996,0.03815000000000004,0.0763
1Ta9E0KqzEbeBBN7wW0FoN,配管タイプ:00_供給:43289943,1FL,配管タイプ:00_供給,－ 243,P011_W上水,DOMESTICCOLDWATER,1,48.6,41.6,1539.9999999999402,水平管,1.0,0.0,0.0,0.0,0.0,0.17570000000000005,0.22430000000000003,0.04859999999999998
1UvjyJsubCqvxfV7N9tGKz,配管タイプ:00_冷媒:43400770,5FL,配管タイプ:00_冷媒,R 1,M091_R冷媒2way,HEATING,1,100.0,20.0,14295.997543323525,立管,6.599522949328216e-05,0.0,0.9999999978223149,89.99621875189405,15152.61035533042,3.20199912676465,17.498003238478944,14.296004111714293
1UvjyJsubCqvxfV7N9tGKo,配管タイプ:00_冷媒:43400781,5FL,配管タイプ:00_冷媒,R 3,M091_R冷媒2way,HEATING,1,100.0,20.0,14295.999886072526,立管,0.0,0.0,1.0,90.0,,3.20200011392747,17.497999999999998,14.295999886072527
1UvjyJsubCqvxfV7N9tGKQ,配管タイプ:00_冷媒:43400805,5FL,配管タイプ:00_冷媒,R 4,M091_R冷媒2way,HEATING,1,100.0,20.0,10296.000000000007,立管,0.0,0.0,1.0,90.0,,7.201999999999998,17.498000000000005,10.296000000000006
1UvjyJsubCqvxfV7N9tGMF,配管タイプ:00_供給:43400944,2FL,配管タイプ:00_供給,X 3,P051_X屋内消火栓,FIREPROTECTION,1,76.3,67.9,2895.999999999997,立管,0.0,0.0,1.0,90.0,,4.1,6.995999999999997,2.8959999999999972
