GlobalId,Name,ObjectType,PredefinedType,TypeName,継手種類,階,系統コード,系統名称,IFC系統分類,系統所属数,Material,PortCount,接続径1_mm,接続径2_mm,接続径3_mm,径情報完全性,径取得元,数量_個,Warning
2$VmGHsp16yBfz_qEe9DVZ,041_レジューサ:Common:40690082,041_レジューサ:Common,NOTDEFINED,041_レジューサ:Common,レジューサ,5FL,CH 3,M031_CH冷温水(往),HEATING,1,配管－冷温水（往）（還）（膨張）,2,60.5,76.3,,COMPLETE,Connected IfcPipeSegment.Pset_PipeSegmentTypeCommon.OuterDiameter,1,PredefinedType未定義
2$VmGHsp16yBfz_qEe9DVd,041_レジューサ:Common:40690086,041_レジューサ:Common,NOTDEFINED,041_レジューサ:Common,レジューサ,5FL,CHR 2,M032_CHR冷温水(還),HEATING,1,配管－冷温水（往）（還）（膨張）,2,60.5,76.3,,COMPLETE,Connected IfcPipeSegment.Pset_PipeSegmentTypeCommon.OuterDiameter,1,PredefinedType未定義
1ac9r3PDbDQOpvhhva4cZ3,041_レジューサ:Common:40785008,041_レジューサ:Common,NOTDEFINED,041_レジューサ:Common,レジューサ,5FL,CH 3,M031_CH冷温水(往),HEATING,1,配管－冷温水（往）（還）（膨張）,2,76.3,89.1,,COMPLETE,Connected IfcPipeSegment.Pset_PipeSegmentTypeCommon.OuterDiameter,1,PredefinedType未定義
1ac9r3PDbDQOpvhhva4cZ1,041_レジューサ:Common:40785010,041_レジューサ:Common,NOTDEFINED,041_レジューサ:Common,レジューサ,5FL,CHR 2,M032_CHR冷温水(還),HEATING,1,配管－冷温水（往）（還）（膨張）,2,76.3,89.1,,COMPLETE,Connected IfcPipeSegment.Pset_PipeSegmentTypeCommon.OuterDiameter,1,PredefinedType未定義
1ac9r3PDbDQOpvhhva4cWw,011_エルボ:Common:40785033,011_エルボ:Common,NOTDEFINED,011_エルボ:Common,エルボ,5FL,CH 7,M031_CH冷温水(往),HEATING,1,配管－冷温水（往）（還）（膨張）,2,,114.3,,PARTIAL,Connected IfcPipeSegment.Pset_PipeSegmentTypeCommon.OuterDiameter,1,PredefinedType未定義 | 径情報一部不足
1ac9r3PDbDQOpvhhva4cW_,041_レジューサ:Common:40785037,041_レジューサ:Common,NOTDEFINED,041_レジューサ:Common,レジューサ,5FL,CH 3,M031_CH冷温水(往),HEATING,1,配管－冷温水（往）（還）（膨張）,2,89.1,,,PARTIAL,Connected IfcPipeSegment.Pset_PipeSegmentTypeCommon.OuterDiameter,1,PredefinedType未定義 | 径情報一部不足
1ac9r3PDbDQOpvhhva4cWi,011_エルボ:Common:40785055,011_エルボ:Common,NOTDEFINED,011_エルボ:Common,エルボ,5FL,CHR 6,M032_CHR冷温水(還),HEATING,1,配管－冷温水（往）（還）（膨張）,2,,114.3,,PARTIAL,Connected IfcPipeSegment.Pset_PipeSegmentTypeCommon.OuterDiameter,1,PredefinedType未定義 | 径情報一部不足
1ac9r3PDbDQOpvhhva4cWG,041_レジューサ:Common:40785059,041_レジューサ:Common,NOTDEFINED,041_レジューサ:Common,レジューサ,5FL,CHR 2,M032_CHR冷温水(還),HEATING,1,配管－冷温水（往）（還）（膨張）,2,89.1,,,PARTIAL,Connected IfcPipeSegment.Pset_PipeSegmentTypeCommon.OuterDiameter,1,PredefinedType未定義 | 径情報一部不足
1Xr6N_BwzCmBJNBoxXVf1g,012_エルボ_冷媒管:Common:40791054,012_エルボ_冷媒管:Common,NOTDEFINED,012_エルボ_冷媒管:Common,冷媒管エルボ,5FL,R 3,M091_R冷媒2way,HEATING,1,配管－冷媒（2）（3）C工事,2,100.0,,,PARTIAL,Connected IfcPipeSegment.Pset_PipeSegmentTypeCommon.OuterDiameter,1,PredefinedType未定義 | 径情報一部不足
2_WJo6XP5ApQ6TRZ01Q7tT,012_エルボ_冷媒管:Common:40792780,012_エルボ_冷媒管:Common,NOTDEFINED,012_エルボ_冷媒管:Common,冷媒管エルボ,5FL,R 2,M091_R冷媒2way,HEATING,1,配管－冷媒（2）（3）C工事,2,100.0,,,PARTIAL,Connected IfcPipeSegment.Pset_PipeSegmentTypeCommon.OuterDiameter,1,PredefinedType未定義 | 径情報一部不足
2_WJo6XP5ApQ6TRZ01Q7Z5,012_エルボ_冷媒管:Common:40794068,012_エルボ_冷媒管:Common,NOTDEFINED,012_エルボ_冷媒管:Common,冷媒管エルボ,5FL,R 1,M091_R冷媒2way,HEATING,1,配管－冷媒（2）（3）C工事,2,,100.0,,PARTIAL,Connected IfcPipeSegment.Pset_PipeSegmentTypeCommon.OuterDiameter,1,PredefinedType未定義 | 径情報一部不足
0cXTiyCGHAUA9HHDpgCanU,012_エルボ_冷媒管:Common:40799307,012_エルボ_冷媒管:Common,NOTDEFINED,012_エルボ_冷媒管:Common,冷媒管エルボ,5FL,R 4,M091_R冷媒2way,HEATING,1,配管－冷媒（2）（3）C工事,2,,100.0,,PARTIAL,Connected IfcPipeSegment.Pset_PipeSegmentTypeCommon.OuterDiameter,1,PredefinedType未定義 | 径情報一部不足
1YmQEFw6r2CwltcTVryyK7,011_エルボ:Common:40813123,011_エルボ:Common,NOTDEFINED,011_エルボ:Common,エルボ,5FL,OR 1,E_OR油(還),USERDEFINED,1,配管－油（往）（還）（通気）,2,21.7,21.7,,COMPLETE,Connected IfcPipeSegment.Pset_PipeSegmentTypeCommon.OuterDiameter,1,PredefinedType未定義
1YmQEFw6r2CwltcTVryyNK,011_エルボ:Common:40813200,011_エルボ:Common,NOTDEFINED,011_エルボ:Common,エルボ,5FL,O 1,E_O油(往),USERDEFINED,1,配管－油（往）（還）（通気）,2,21.7,21.7,,COMPLETE,Connected IfcPipeSegment.Pset_PipeSegmentTypeCommon.OuterDiameter,1,PredefinedType未定義
1YmQEFw6r2CwltcTVryyNM,011_エルボ:Common:40813202,011_エルボ:Common,NOTDEFINED,011_エルボ:Common,エルボ,5FL,O 1,E_O油(往),USERDEFINED,1,配管－油（往）（還）（通気）,2,21.7,21.7,,COMPLETE,Connected IfcPipeSegment.Pset_PipeSegmentTypeCommon.OuterDiameter,1,PredefinedType未定義
1YmQEFw6r2CwltcTVryyIR,011_エルボ:Common:40813535,011_エルボ:Common,NOTDEFINED,011_エルボ:Common,エルボ,5FL,O 2,E_O油(往),USERDEFINED,1,配管－油（往）（還）（通気）,2,21.7,21.7,,COMPLETE,Connected IfcPipeSegment.Pset_PipeSegmentTypeCommon.OuterDiameter,1,PredefinedType未定義
1YmQEFw6r2CwltcTVryy93,011_エルボ:Common:40813831,011_エルボ:Common,NOTDEFINED,011_エルボ:Common,エルボ,5FL,O 2,E_O油(往),USERDEFINED,1,配管－油（往）（還）（通気）,2,21.7,21.7,,COMPLETE,Connected IfcPipeSegment.Pset_PipeSegmentTypeCommon.OuterDiameter,1,PredefinedType未定義
1YmQEFw6r2CwltcTVryy9a,011_エルボ:Common:40813856,011_エルボ:Common,NOTDEFINED,011_エルボ:Common,エルボ,5FL,O 1,E_O油(往),USERDEFINED,1,配管－油（往）（還）（通気）,2,21.7,21.7,,COMPLETE,Connected IfcPipeSegment.Pset_PipeSegmentTypeCommon.OuterDiameter,1,PredefinedType未定義
1YmQEFw6r2CwltcTVryy89,011_エルボ:Common:40813901,011_エルボ:Common,NOTDEFINED,011_エルボ:Common,エルボ,5FL,OR 1,E_OR油(還),USERDEFINED,1,配管－油（往）（還）（通気）,2,21.7,21.7,,COMPLETE,Connected IfcPipeSegment.Pset_PipeSegmentTypeCommon.OuterDiameter,1,PredefinedType未定義
1YmQEFw6r2CwltcTVryyBE,011_エルボ:Common:40813962,011_エルボ:Common,NOTDEFINED,011_エルボ:Common,エルボ,5FL,OR 1,E_OR油(還),USERDEFINED,1,配管－油（往）（還）（通気）,2,21.7,21.7,,COMPLETE,Connected IfcPipeSegment.Pset_PipeSegmentTypeCommon.OuterDiameter,1,PredefinedType未定義
0sIT3JH9X5JfwkUDQ1bP2J,012_エルボ_冷媒管:Common:40828277,012_エルボ_冷媒管:Common,NOTDEFINED,012_エルボ_冷媒管:Common,冷媒管エルボ,5FL,R 3,M091_R冷媒2way,HEATING,1,配管－冷媒（2）（3）C工事,2,100.0,,,PARTIAL,Connected IfcPipeSegment.Pset_PipeSegmentTypeCommon.OuterDiameter,1,PredefinedType未定義 | 径情報一部不足
0sIT3JH9X5JfwkUDQ1bP1_,012_エルボ_冷媒管:Common:40828312,012_エルボ_冷媒管:Common,NOTDEFINED,012_エルボ_冷媒管:Common,冷媒管エルボ,5FL,R 1,M091_R冷媒2way,HEATING,1,配管－冷媒（2）（3）C工事,2,100.0,,,PARTIAL,Connected IfcPipeSegment.Pset_PipeSegmentTypeCommon.OuterDiameter,1,PredefinedType未定義 | 径情報一部不足
0sIT3JH9X5JfwkUDQ1b6dz,011_エルボ:Common:40829979,011_エルボ:Common,NOTDEFINED,011_エルボ:Common,エルボ,1FL,O 2,E_O油(往),USERDEFINED,1,配管－油（往）（還）（通気）,2,21.7,21.7,,COMPLETE,Connected IfcPipeSegment.Pset_PipeSegmentTypeCommon.OuterDiameter,1,PredefinedType未定義
1$rgajjQrCDg9Lz3xmtOJO,011_エルボ:Common:40899360,011_エルボ:Common,NOTDEFINED,011_エルボ:Common,エルボ,5FL,O 2,E_O油(往),USERDEFINED,1,配管－油（往）（還）（通気）,2,21.7,21.7,,COMPLETE,Connected IfcPipeSegment.Pset_PipeSegmentTypeCommon.OuterDiameter,1,PredefinedType未定義
1$rgajjQrCDg9Lz3xmtOJH,011_エルボ:Common:40899362,011_エルボ:Common,NOTDEFINED,011_エルボ:Common,エルボ,5FL,O 2,E_O油(往),USERDEFINED,1,配管－油（往）（還）（通気）,2,21.7,21.7,,COMPLETE,Connected IfcPipeSegment.Pset_PipeSegmentTypeCommon.OuterDiameter,1,PredefinedType未定義
1$rgajjQrCDg9Lz3xmtOJJ,011_エルボ:Common:40899364,011_エルボ:Common,NOTDEFINED,011_エルボ:Common,エルボ,5FL,O 2,E_O油(往),USERDEFINED,1,配管－油（往）（還）（通気）,2,21.7,21.7,,COMPLETE,Connected IfcPipeSegment.Pset_PipeSegmentTypeCommon.OuterDiameter,1,PredefinedType未定義
1$rgajjQrCDg9Lz3xmtOKm,011_エルボ:Common:40899366,011_エルボ:Common,NOTDEFINED,011_エルボ:Common,エルボ,5FL,OR 1,E_OR油(還),USERDEFINED,1,配管－油（往）（還）（通気）,2,21.7,21.7,,COMPLETE,Connected IfcPipeSegment.Pset_PipeSegmentTypeCommon.OuterDiameter,1,PredefinedType未定義
1$rgajjQrCDg9Lz3xmtOKH,011_エルボ:Common:40899368,011_エルボ:Common,NOTDEFINED,011_エルボ:Common,エルボ,5FL,O 1,E_O油(往),USERDEFINED,1,配管－油（往）（還）（通気）,2,21.7,21.7,,COMPLETE,Connected IfcPipeSegment.Pset_PipeSegmentTypeCommon.OuterDiameter,1,PredefinedType未定義
1$rgajjQrCDg9Lz3xmtOKJ,011_エルボ:Common:40899370,011_エルボ:Common,NOTDEFINED,011_エルボ:Common,エルボ,5FL,O 1,E_O油(往),USERDEFINED,1,配管－油（往）（還）（通気）,2,21.7,21.7,,COMPLETE,Connected IfcPipeSegment.Pset_PipeSegmentTypeCommon.OuterDiameter,1,PredefinedType未定義
1$rgajjQrCDg9Lz3xmtOLl,011_エルボ:Common:40899372,011_エルボ:Common,NOTDEFINED,011_エルボ:Common,エルボ,5FL,OR 1,E_OR油(還),USERDEFINED,1,配管－油（往）（還）（通気）,2,21.7,21.7,,COMPLETE,Connected IfcPipeSegment.Pset_PipeSegmentTypeCommon.OuterDiameter,1,PredefinedType未定義
1$rgajjQrCDg9Lz3xmtOLf,011_エルボ:Common:40899374,011_エルボ:Common,NOTDEFINED,011_エルボ:Common,エルボ,5FL,OR 1,E_OR油(還),USERDEFINED,1,配管－油（往）（還）（通気）,2,21.7,21.7,,COMPLETE,Connected IfcPipeSegment.Pset_PipeSegmentTypeCommon.OuterDiameter,1,PredefinedType未定義
1$rgajjQrCDg9Lz3xmtP5a,011_エルボ:Common:40900937,011_エルボ:Common,NOTDEFINED,011_エルボ:Common,エルボ,5FL,O 2,E_O油(往),USERDEFINED,1,配管－油（往）（還）（通気）,2,21.7,21.7,,COMPLETE,Connected IfcPipeSegment.Pset_PipeSegmentTypeCommon.OuterDiameter,1,PredefinedType未定義
1$rgajjQrCDg9Lz3xmtP5C,011_エルボ:Common:40900961,011_エルボ:Common,NOTDEFINED,011_エルボ:Common,エルボ,1FL,CH 3,M031_CH冷温水(往),HEATING,1,配管－冷温水（往）（還）（膨張）,2,60.5,,,PARTIAL,Connected IfcPipeSegment.Pset_PipeSegmentTypeCommon.OuterDiameter,1,PredefinedType未定義 | 径情報一部不足
1$rgajjQrCDg9Lz3xmtP58,011_エルボ:Common:40900965,011_エルボ:Common,NOTDEFINED,011_エルボ:Common,エルボ,1FL,CHR 2,M032_CHR冷温水(還),HEATING,1,配管－冷温水（往）（還）（膨張）,2,60.5,,,PARTIAL,Connected IfcPipeSegment.Pset_PipeSegmentTypeCommon.OuterDiameter,1,PredefinedType未定義 | 径情報一部不足
1$rgajjQrCDg9Lz3xmtPAh,012_エルボ_冷媒管:Common:40901254,012_エルボ_冷媒管:Common,NOTDEFINED,012_エルボ_冷媒管:Common,冷媒管エルボ,5FL,R 2,M091_R冷媒2way,HEATING,1,配管－冷媒（2）（3）C工事,2,100.0,,,PARTIAL,Connected IfcPipeSegment.Pset_PipeSegmentTypeCommon.OuterDiameter,1,PredefinedType未定義 | 径情報一部不足
1$rgajjQrCDg9Lz3xmtPA2,012_エルボ_冷媒管:Common:40901295,012_エルボ_冷媒管:Common,NOTDEFINED,012_エルボ_冷媒管:Common,冷媒管エルボ,5FL,R 4,M091_R冷媒2way,HEATING,1,配管－冷媒（2）（3）C工事,2,100.0,,,PARTIAL,Connected IfcPipeSegment.Pset_PipeSegmentTypeCommon.OuterDiameter,1,PredefinedType未定義 | 径情報一部不足
1$rgajjQrCDg9Lz3xmtPNt,021_径違いＴ型:Common:40902106,021_径違いＴ型:Common,NOTDEFINED,021_径違いＴ型:Common,径違いT型,4FL,－ 11,M112_W加湿給水,DOMESTICCOLDWATER,1,配管－加湿給水,3,42.7,42.7,27.2,COMPLETE,Connected IfcPipeSegment.Pset_PipeSegmentTypeCommon.OuterDiameter,1,PredefinedType未定義
1$rgajjQrCDg9Lz3xmtPQy,071_キャップ:Common:40902289,071_キャップ:Common,NOTDEFINED,071_キャップ:Common,キャップ,4FL,－ 11,M112_W加湿給水,DOMESTICCOLDWATER,1,配管－加湿給水,1,42.7,,,COMPLETE,Connected IfcPipeSegment.Pset_PipeSegmentTypeCommon.OuterDiameter,1,PredefinedType未定義
1$rgajjQrCDg9Lz3xmtQS9,011_エルボ:Common:40906532,011_エルボ:Common,NOTDEFINED,011_エルボ:Common,エルボ,5FL,O 2,E_O油(往),USERDEFINED,1,配管－油（往）（還）（通気）,2,21.7,21.7,,COMPLETE,Connected IfcPipeSegment.Pset_PipeSegmentTypeCommon.OuterDiameter,1,PredefinedType未定義
1$rgajjQrCDg9Lz3xmtQS1,011_エルボ:Common:40906540,011_エルボ:Common,NOTDEFINED,011_エルボ:Common,エルボ,5FL,O 2,E_O油(往),USERDEFINED,1,配管－油（往）（還）（通気）,2,21.7,21.7,,COMPLETE,Connected IfcPipeSegment.Pset_PipeSegmentTypeCommon.OuterDiameter,1,PredefinedType未定義
1$rgajjQrCDg9Lz3xmtQS3,011_エルボ:Common:40906542,011_エルボ:Common,NOTDEFINED,011_エルボ:Common,エルボ,5FL,O 2,E_O油(往),USERDEFINED,1,配管－油（往）（還）（通気）,2,21.7,21.7,,COMPLETE,Connected IfcPipeSegment.Pset_PipeSegmentTypeCommon.OuterDiameter,1,PredefinedType未定義
2lIqKSD6992hLpETaqt1rf,011_エルボ:Common:41450367,011_エルボ:Common,NOTDEFINED,011_エルボ:Common,エルボ,PIT,) 1,P021_D汚水,SEWAGE,1,配管－冷温水（往）（還）（膨張）,2,114.3,,,PARTIAL,Connected IfcPipeSegment.Pset_PipeSegmentTypeCommon.OuterDiameter,1,PredefinedType未定義 | 径情報一部不足
2lIqKSD6992hLpETaqt1i6,011_エルボ:Common:41450768,011_エルボ:Common,NOTDEFINED,011_エルボ:Common,エルボ,PIT,P022_D雑排水 1,P022_D雑排水,SEWAGE,1,配管－雑排水,2,76.3,,,PARTIAL,Connected IfcPipeSegment.Pset_PipeSegmentTypeCommon.OuterDiameter,1,PredefinedType未定義 | 径情報一部不足
2lIqKSD6992hLpETaqt1ZB,021_径違いＴ型:Common:41451229,021_径違いＴ型:Common,NOTDEFINED,021_径違いＴ型:Common,径違いT型,1FL,P031_V通気 2,P031_V通気,VENT,1,配管－通気・排水槽通気,3,76.3,76.3,,PARTIAL,Connected IfcPipeSegment.Pset_PipeSegmentTypeCommon.OuterDiameter,1,PredefinedType未定義 | 径情報一部不足
2lIqKSD6992hLpETaqt1de,021_径違いＴ型:Common:41451518,021_径違いＴ型:Common,NOTDEFINED,021_径違いＴ型:Common,径違いT型,1FL,P031_V通気 2,P031_V通気,VENT,1,配管－通気・排水槽通気,3,60.5,60.5,,PARTIAL,Connected IfcPipeSegment.Pset_PipeSegmentTypeCommon.OuterDiameter,1,PredefinedType未定義 | 径情報一部不足
26AhlNQKnFbPLALnqrFsjc,021_径違い90° 大曲がり Y:Common:41458071,021_径違い90° 大曲がり Y:Common,NOTDEFINED,021_径違い90° 大曲がり Y:Common,径違い90°大曲がりY,1FL,D 24,M121_Dドレン,SEWAGE,1,配管－ドレン,3,60.5,76.3,,PARTIAL,Connected IfcPipeSegment.Pset_PipeSegmentTypeCommon.OuterDiameter,1,PredefinedType未定義 | 径情報一部不足
26AhlNQKnFbPLALnqrFsjg,011_エルボ:Common:41458075,011_エルボ:Common,NOTDEFINED,011_エルボ:Common,エルボ,1FL,D 24,M121_Dドレン,SEWAGE,1,配管－冷温水（往）（還）（膨張）,2,60.5,60.5,,COMPLETE,Connected IfcPipeSegment.Pset_PipeSegmentTypeCommon.OuterDiameter,1,PredefinedType未定義
26AhlNQKnFbPLALnqrFsjk,011_エルボ:Common:41458079,011_エルボ:Common,NOTDEFINED,011_エルボ:Common,エルボ,4FL,D 24,M121_Dドレン,SEWAGE,1,配管－冷温水（往）（還）（膨張）,2,60.5,60.5,,COMPLETE,Connected IfcPipeSegment.Pset_PipeSegmentTypeCommon.OuterDiameter,1,PredefinedType未定義
26AhlNQKnFbPLALnqrFsiW,071_掃除口:Common:41458129,071_掃除口:Common,NOTDEFINED,071_掃除口:Common,掃除口,1FL,D 24,M121_Dドレン,SEWAGE,1,配管－ドレン,1,,,,NONE,,1,PredefinedType未定義 | 径情報なし
2ya0mA1vr8Nx6iYTzE8Wva,021_径違いＴ型:Common:41463868,021_径違いＴ型:Common,NOTDEFINED,021_径違いＴ型:Common,径違いT型,2FL,－ 2,P011_W上水,DOMESTICCOLDWATER,1,配管－上水,3,60.5,60.5,,PARTIAL,Connected IfcPipeSegment.Pset_PipeSegmentTypeCommon.OuterDiameter,1,PredefinedType未定義 | 径情報一部不足
2ya0mA1vr8Nx6iYTzE8Wuu,021_径違いＴ型:Common:41463904,021_径違いＴ型:Common,NOTDEFINED,021_径違いＴ型:Common,径違いT型,2FL,－ 2,P011_W上水,DOMESTICCOLDWATER,1,配管－上水,3,60.5,60.5,,PARTIAL,Connected IfcPipeSegment.Pset_PipeSegmentTypeCommon.OuterDiameter,1,PredefinedType未定義 | 径情報一部不足
2ya0mA1vr8Nx6iYTzE8Wze,021_径違いＴ型:Common:41464112,021_径違いＴ型:Common,NOTDEFINED,021_径違いＴ型:Common,径違いT型,2FL,－ 2,P011_W上水,DOMESTICCOLDWATER,1,配管－上水,3,60.5,60.5,,PARTIAL,Connected IfcPipeSegment.Pset_PipeSegmentTypeCommon.OuterDiameter,1,PredefinedType未定義 | 径情報一部不足
2WDT0QapDCK8TwSXcPA_Bx,021_径違いＴ型:Common:41480698,021_径違いＴ型:Common,NOTDEFINED,021_径違いＴ型:Common,径違いT型,2FL,P031_V通気 2,P031_V通気,VENT,1,配管－通気・排水槽通気,3,76.3,76.3,,PARTIAL,Connected IfcPipeSegment.Pset_PipeSegmentTypeCommon.OuterDiameter,1,PredefinedType未定義 | 径情報一部不足
2WDT0QapDCK8TwSXcPA_0A,021_径違いＴ型:Common:41480971,021_径違いＴ型:Common,NOTDEFINED,021_径違いＴ型:Common,径違いT型,2FL,P031_V通気 2,P031_V通気,VENT,1,配管－通気・排水槽通気,3,60.5,60.5,,PARTIAL,Connected IfcPipeSegment.Pset_PipeSegmentTypeCommon.OuterDiameter,1,PredefinedType未定義 | 径情報一部不足
25dTy1oBL21uxry3jY44VS,021_径違いＴ型:Common:41529777,021_径違いＴ型:Common,NOTDEFINED,021_径違いＴ型:Common,径違いT型,1FL,－ 2,P011_W上水,DOMESTICCOLDWATER,1,配管－上水,3,60.5,60.5,,PARTIAL,Connected IfcPipeSegment.Pset_PipeSegmentTypeCommon.OuterDiameter,1,PredefinedType未定義 | 径情報一部不足
25dTy1oBL21uxry3jY44VQ,021_径違いＴ型:Common:41529783,021_径違いＴ型:Common,NOTDEFINED,021_径違いＴ型:Common,径違いT型,1FL,－ 2,P011_W上水,DOMESTICCOLDWATER,1,配管－上水,3,60.5,60.5,,PARTIAL,Connected IfcPipeSegment.Pset_PipeSegmentTypeCommon.OuterDiameter,1,PredefinedType未定義 | 径情報一部不足
25dTy1oBL21uxry3jY44Uj,021_径違いＴ型:Common:41529792,021_径違いＴ型:Common,NOTDEFINED,021_径違いＴ型:Common,径違いT型,1FL,－ 2,P011_W上水,DOMESTICCOLDWATER,1,配管－上水,3,60.5,60.5,,PARTIAL,Connected IfcPipeSegment.Pset_PipeSegmentTypeCommon.OuterDiameter,1,PredefinedType未定義 | 径情報一部不足
0CG8h9CIL0Q8k4mhgA6vHJ,041_レジューサ:Common:41566630,041_レジューサ:Common,NOTDEFINED,041_レジューサ:Common,レジューサ,1FL,D 7,M121_Dドレン,SEWAGE,1,配管－ドレン,2,60.5,,,PARTIAL,Connected IfcPipeSegment.Pset_PipeSegmentTypeCommon.OuterDiameter,1,PredefinedType未定義 | 径情報一部不足
0CG8h9CIL0Q8k4mhgA6vGg,041_レジューサ:Common:41566687,041_レジューサ:Common,NOTDEFINED,041_レジューサ:Common,レジューサ,1FL,D 11,M121_Dドレン,SEWAGE,1,配管－ドレン,2,60.5,,,PARTIAL,Connected IfcPipeSegment.Pset_PipeSegmentTypeCommon.OuterDiameter,1,PredefinedType未定義 | 径情報一部不足
0eLM4vM5jAygjA1FFPEdo4,011_エルボ:Common:41573114,011_エルボ:Common,NOTDEFINED,011_エルボ:Common,エルボ,5FL,－ 233,M112_W加湿給水,DOMESTICCOLDWATER,1,配管－加湿給水,2,,,,NONE,,1,PredefinedType未定義 | 径情報なし
2s0miY2LL7VPzA9lwxWjm9,021_径違いＴ型:Common:41582429,021_径違いＴ型:Common,NOTDEFINED,021_径違いＴ型:Common,径違いT型,4FL,CH 7,M031_CH冷温水(往),HEATING,1,配管－冷温水（往）（還）（膨張）,3,76.3,,114.3,PARTIAL,Connected IfcPipeSegment.Pset_PipeSegmentTypeCommon.OuterDiameter,1,PredefinedType未定義 | 径情報一部不足
2s0miY2LL7VPzA9lwxWjmr,021_径違いＴ型:Common:41582433,021_径違いＴ型:Common,NOTDEFINED,021_径違いＴ型:Common,径違いT型,4FL,CHR 6,M032_CHR冷温水(還),HEATING,1,配管－冷温水（往）（還）（膨張）,3,76.3,,114.3,PARTIAL,Connected IfcPipeSegment.Pset_PipeSegmentTypeCommon.OuterDiameter,1,PredefinedType未定義 | 径情報一部不足
2s0miY2LL7VPzA9lwxWY7R,021_径違い90° 大曲がり Y:Common:41583247,021_径違い90° 大曲がり Y:Common,NOTDEFINED,021_径違い90° 大曲がり Y:Common,径違い90°大曲がりY,3FL,D 3,M121_Dドレン,SEWAGE,1,配管－ドレン,3,76.3,76.3,,PARTIAL,Connected IfcPipeSegment.Pset_PipeSegmentTypeCommon.OuterDiameter,1,PredefinedType未定義 | 径情報一部不足
3inpcJnLr5Wh9YciPQ$$3v,021_径違いＴ型:Common:41585791,021_径違いＴ型:Common,NOTDEFINED,021_径違いＴ型:Common,径違いT型,1FL,－ 11,M112_W加湿給水,DOMESTICCOLDWATER,1,配管－加湿給水,3,27.2,,42.7,PARTIAL,Connected IfcPipeSegment.Pset_PipeSegmentTypeCommon.OuterDiameter,1,PredefinedType未定義 | 径情報一部不足
3inpcJnLr5Wh9YciPQ$$6n,021_径違いＴ型:Common:41585975,021_径違いＴ型:Common,NOTDEFINED,021_径違いＴ型:Common,径違いT型,3FL,－ 11,M112_W加湿給水,DOMESTICCOLDWATER,1,配管－加湿給水,3,42.7,27.2,42.7,COMPLETE,Connected IfcPipeSegment.Pset_PipeSegmentTypeCommon.OuterDiameter,1,PredefinedType未定義
3inpcJnLr5Wh9YciPQ$$6v,021_径違いＴ型:Common:41585983,021_径違いＴ型:Common,NOTDEFINED,021_径違いＴ型:Common,径違いT型,2FL,－ 11,M112_W加湿給水,DOMESTICCOLDWATER,1,配管－加湿給水,3,27.2,42.7,42.7,COMPLETE,Connected IfcPipeSegment.Pset_PipeSegmentTypeCommon.OuterDiameter,1,PredefinedType未定義
09qnPcuf90ug4Az8aUTknJ,021_径違いＴ型:Common:41587368,021_径違いＴ型:Common,NOTDEFINED,021_径違いＴ型:Common,径違いT型,5FL,－ 2,P011_W上水,DOMESTICCOLDWATER,1,配管－上水,3,60.5,,,PARTIAL,Connected IfcPipeSegment.Pset_PipeSegmentTypeCommon.OuterDiameter,1,PredefinedType未定義 | 径情報一部不足
0cvR1_ETfB2e064iFLIaeI,051_ソケット:Common:41591355,051_ソケット:Common,NOTDEFINED,051_ソケット:Common,ソケット,PIT,) 1,P021_D汚水,SEWAGE,1,配管－汚水,2,114.3,114.3,,COMPLETE,Connected IfcPipeSegment.Pset_PipeSegmentTypeCommon.OuterDiameter,1,PredefinedType未定義
0cvR1_ETfB2e064iFLIagn,011_エルボ:Common:41591448,011_エルボ:Common,NOTDEFINED,011_エルボ:Common,エルボ,5FL,P031_V通気 2,P031_V通気,VENT,1,配管－冷温水（往）（還）（膨張）,2,114.3,,,PARTIAL,Connected IfcPipeSegment.Pset_PipeSegmentTypeCommon.OuterDiameter,1,PredefinedType未定義 | 径情報一部不足
0cvR1_ETfB2e064iFLIai2,051_ソケット:Common:41591595,051_ソケット:Common,NOTDEFINED,051_ソケット:Common,ソケット,PIT,P031_V通気 2 | P022_D雑排水 1,P031_V通気 | P022_D雑排水,VENT | SEWAGE,2,配管－雑排水,2,76.3,76.3,,COMPLETE,Connected IfcPipeSegment.Pset_PipeSegmentTypeCommon.OuterDiameter,1,PredefinedType未定義 | 複数系統
0cvR1_ETfB2e064iFLIamt,011_エルボ:Common:41591838,011_エルボ:Common,NOTDEFINED,011_エルボ:Common,エルボ,PIT,P031_V通気 2,P031_V通気,VENT,1,配管－雑排水,2,76.3,,,PARTIAL,Connected IfcPipeSegment.Pset_PipeSegmentTypeCommon.OuterDiameter,1,PredefinedType未定義 | 径情報一部不足
0cvR1_ETfB2e064iFLIany,011_エルボ:Common:41591893,011_エルボ:Common,NOTDEFINED,011_エルボ:Common,エルボ,PIT,P031_V通気 2,P031_V通気,VENT,1,配管－冷温水（往）（還）（膨張）,2,,,,NONE,,1,PredefinedType未定義 | 径情報なし
0cvR1_ETfB2e064iFLIan_,041_レジューサ:Common:41591895,041_レジューサ:Common,NOTDEFINED,041_レジューサ:Common,レジューサ,PIT,P031_V通気 2,P031_V通気,VENT,1,配管－通気・排水槽通気,2,76.3,,,PARTIAL,Connected IfcPipeSegment.Pset_PipeSegmentTypeCommon.OuterDiameter,1,PredefinedType未定義 | 径情報一部不足
0cvR1_ETfB2e064iFLIapk,011_エルボ:Common:41592007,011_エルボ:Common,NOTDEFINED,011_エルボ:Common,エルボ,PIT,P031_V通気 2,P031_V通気,VENT,1,配管－冷温水（往）（還）（膨張）,2,60.5,,,PARTIAL,Connected IfcPipeSegment.Pset_PipeSegmentTypeCommon.OuterDiameter,1,PredefinedType未定義 | 径情報一部不足
3g_hUfrM11BR0pCRQT93Km,071_キャップ:Common:41970860,071_キャップ:Common,NOTDEFINED,071_キャップ:Common,キャップ,1FL,－ 2,P011_W上水,DOMESTICCOLDWATER,1,配管－上水,1,60.5,,,COMPLETE,Connected IfcPipeSegment.Pset_PipeSegmentTypeCommon.OuterDiameter,1,PredefinedType未定義
3g_hUfrM11BR0pCRQT92b9,011_エルボ:Common:41971925,011_エルボ:Common,NOTDEFINED,011_エルボ:Common,エルボ,PIT,X 1,P051_X屋内消火栓,FIREPROTECTION,1,配管－屋内・屋外消火栓,2,,,,NONE,,1,PredefinedType未定義 | 径情報なし
3g_hUfrM11BR0pCRQT92bB,041_レジューサ:Common:41971927,041_レジューサ:Common,NOTDEFINED,041_レジューサ:Common,レジューサ,PIT,X 1,P051_X屋内消火栓,FIREPROTECTION,1,配管－屋内・屋外消火栓,2,,76.3,,PARTIAL,Connected IfcPipeSegment.Pset_PipeSegmentTypeCommon.OuterDiameter,1,PredefinedType未定義 | 径情報一部不足
3g_hUfrM11BR0pCRQT92Xs,011_エルボ:Common:41972202,011_エルボ:Common,NOTDEFINED,011_エルボ:Common,エルボ,1FL,X 1,P051_X屋内消火栓,FIREPROTECTION,1,配管－雑排水,2,,76.3,,PARTIAL,Connected IfcPipeSegment.Pset_PipeSegmentTypeCommon.OuterDiameter,1,PredefinedType未定義 | 径情報一部不足
3g_hUfrM11BR0pCRQT92lr,021_径違いＴ型:Common:41972329,021_径違いＴ型:Common,NOTDEFINED,021_径違いＴ型:Common,径違いT型,1FL,X 1,P051_X屋内消火栓,FIREPROTECTION,1,配管－通気・排水槽通気,3,76.3,76.3,,PARTIAL,Connected IfcPipeSegment.Pset_PipeSegmentTypeCommon.OuterDiameter,1,PredefinedType未定義 | 径情報一部不足
0pe1NtE2jC$QiRfpnhK8ru,021_径違い90° 大曲がり Y:Common:41988437,021_径違い90° 大曲がり Y:Common,NOTDEFINED,021_径違い90° 大曲がり Y:Common,径違い90°大曲がりY,4FL,D 24,M121_Dドレン,SEWAGE,1,配管－ドレン,3,60.5,,,PARTIAL,Connected IfcPipeSegment.Pset_PipeSegmentTypeCommon.OuterDiameter,1,PredefinedType未定義 | 径情報一部不足
0pe1NtE2jC$QiRfpnhK8aC,021_径違い90° 大曲がり Y:Common:41988483,021_径違い90° 大曲がり Y:Common,NOTDEFINED,021_径違い90° 大曲がり Y:Common,径違い90°大曲がりY,2FL,D 24,M121_Dドレン,SEWAGE,1,配管－ドレン,3,60.5,60.5,,PARTIAL,Connected IfcPipeSegment.Pset_PipeSegmentTypeCommon.OuterDiameter,1,PredefinedType未定義 | 径情報一部不足
