port1_step_id,port1_name,port1_flow_direction,owner1_step_id,owner1_class,owner1_name,port2_step_id,port2_name,port2_flow_direction,owner2_step_id,owner2_class,owner2_name,same_owner,distance_project_unit,distance_m,distance_mm,distance_band
92545,Port_40873974_8,SOURCEANDSINK,12125,IfcFan,11030_FAN_消音ボックス付送風機:#1_150m3/h:40873974,92549,OutPort_40873974_9,SOURCE,12125,IfcFan,11030_FAN_消音ボックス付送風機:#1_150m3/h:40873974,TRUE,276.101883369165,0.276101883369165,276.101883369165,<=500mm
92545,Port_40873974_8,SOURCEANDSINK,12125,IfcFan,11030_FAN_消音ボックス付送風機:#1_150m3/h:40873974,92553,InPort_40873974_10,SINK,12125,IfcFan,11030_FAN_消音ボックス付送風機:#1_150m3/h:40873974,TRUE,276.101883369165,0.276101883369165,276.101883369165,<=500mm
92549,OutPort_40873974_9,SOURCE,12125,IfcFan,11030_FAN_消音ボックス付送風機:#1_150m3/h:40873974,92553,InPort_40873974_10,SINK,12125,IfcFan,11030_FAN_消音ボックス付送風機:#1_150m3/h:40873974,TRUE,480.0,0.48,480.0,<=500mm
92102,OutPort_40845462_1,SOURCE,9825,IfcAirTerminal,041_ユニバーサル形吸込口:HS:40845462,92549,OutPort_40873974_9,SOURCE,12125,IfcFan,11030_FAN_消音ボックス付送風機:#1_150m3/h:40873974,FALSE,636.4157446198201,0.6364157446198201,636.4157446198201,>500mm
92102,OutPort_40845462_1,SOURCE,9825,IfcAirTerminal,041_ユニバーサル形吸込口:HS:40845462,92545,Port_40873974_8,SOURCEANDSINK,12125,IfcFan,11030_FAN_消音ボックス付送風機:#1_150m3/h:40873974,FALSE,847.8544981304269,0.8478544981304269,847.8544981304269,>500mm
90773,Port_40699213_1,SOURCEANDSINK,1424,IfcDuctSegment,丸型ダクト:00_丸タップ:40699213,92553,InPort_40873974_10,SINK,12125,IfcFan,11030_FAN_消音ボックス付送風機:#1_150m3/h:40873974,FALSE,957.163884528833,0.957163884528833,957.163884528833,>500mm
90773,Port_40699213_1,SOURCEANDSINK,1424,IfcDuctSegment,丸型ダクト:00_丸タップ:40699213,92545,Port_40873974_8,SOURCEANDSINK,12125,IfcFan,11030_FAN_消音ボックス付送風機:#1_150m3/h:40873974,FALSE,967.2082030954299,0.9672082030954299,967.2082030954299,>500mm
92102,OutPort_40845462_1,SOURCE,9825,IfcAirTerminal,041_ユニバーサル形吸込口:HS:40845462,92553,InPort_40873974_10,SINK,12125,IfcFan,11030_FAN_消音ボックス付送風機:#1_150m3/h:40873974,FALSE,1053.8619454178995,1.0538619454178995,1053.8619454178995,>500mm
90773,Port_40699213_1,SOURCEANDSINK,1424,IfcDuctSegment,丸型ダクト:00_丸タップ:40699213,92549,OutPort_40873974_9,SOURCE,12125,IfcFan,11030_FAN_消音ボックス付送風機:#1_150m3/h:40873974,FALSE,1227.4211591162689,1.227421159116269,1227.4211591162689,>500mm
90773,Port_40699213_1,SOURCEANDSINK,1424,IfcDuctSegment,丸型ダクト:00_丸タップ:40699213,92102,OutPort_40845462_1,SOURCE,9825,IfcAirTerminal,041_ユニバーサル形吸込口:HS:40845462,FALSE,1696.4780286954242,1.6964780286954242,1696.4780286954242,>500mm
90769,Port_40699213_0,SOURCEANDSINK,1424,IfcDuctSegment,丸型ダクト:00_丸タップ:40699213,90773,Port_40699213_1,SOURCEANDSINK,1424,IfcDuctSegment,丸型ダクト:00_丸タップ:40699213,TRUE,3800.0,3.8000000000000003,3800.0000000000005,>500mm
90769,Port_40699213_0,SOURCEANDSINK,1424,IfcDuctSegment,丸型ダクト:00_丸タップ:40699213,92553,InPort_40873974_10,SINK,12125,IfcFan,11030_FAN_消音ボックス付送風機:#1_150m3/h:40873974,FALSE,4061.5468361015273,4.0615468361015274,4061.5468361015273,>500mm
90769,Port_40699213_0,SOURCEANDSINK,1424,IfcDuctSegment,丸型ダクト:00_丸タップ:40699213,92545,Port_40873974_8,SOURCEANDSINK,12125,IfcFan,11030_FAN_消音ボックス付送風機:#1_150m3/h:40873974,FALSE,4063.9256523877366,4.063925652387737,4063.925652387737,>500mm
90769,Port_40699213_0,SOURCEANDSINK,1424,IfcDuctSegment,丸型ダクト:00_丸タップ:40699213,92549,OutPort_40873974_9,SOURCE,12125,IfcFan,11030_FAN_消音ボックス付送風機:#1_150m3/h:40873974,FALSE,4133.589566205906,4.133589566205906,4133.589566205906,>500mm
90769,Port_40699213_0,SOURCEANDSINK,1424,IfcDuctSegment,丸型ダクト:00_丸タップ:40699213,92102,OutPort_40845462_1,SOURCE,9825,IfcAirTerminal,041_ユニバーサル形吸込口:HS:40845462,FALSE,4636.5976428677,4.6365976428677005,4636.5976428677,>500mm
